"-OR-","-VEYA-"
"2-pixel perimeter around the header space.","Başlık alanına 2 piksel boşluk bırak."
"3D Secure","3D Güvenlik Çemberi"
"3D Secure Card Validation","3D Güvenlik Çemberi Kredi Kartı Doğrulama"
"3D Secure validation is required for Maestro cards. Supporting of American Express cards require additional agreement. Learn more at <a href=""http://www.paypal.com/amexupdate"">http://www.paypal.com/amexupdate</a>.","Maestro kartlar için 3D Güvenlik onayı gerekmektedir. Amerikan Ekspres kartları ek anlaşma yapılması gerekmektedir. Detaylı bilgi için <a href=""http://www.paypal.com/amexupdate"">http://www.paypal.com/amexupdate</a>."
"<a href=""http://www.magentocommerce.com/paypal"">Start accepting payments via PayPal!</a>","<a href=""http://www.magentocommerce.com/paypal"">Paypal ile ödeme kabul etmeye başlayın!</a>"
"A case that has been resolved and close requires a reimbursement.","Çözülmüş ve kapatılmış işlem için geri aide gerekmektedir."
"A reversal has occurred on this transaction because of a customer dispute suspecting unauthorized spoof.","Müşteri ile dolandırma şüohesi ile yaşanan ihtilaf sebebiyle geri iade işlemi gerçekleşti."
"A reversal has occurred on this transaction because you have given the customer a refund.","Müşterinin iade talebi sebebiyle geri iade işlemi gerçekleşti."
"A reversal has occurred on this transaction due to a chargeback by your customer.","Müşteri tarafından talep edilen para iadesi ile geri iade işlemi gerçekleşti."
"A reversal has occurred on this transaction due to a complaint about the transaction from your customer.","Müşteri tarafından bir şikayet sebebiyle geri iade işlemi gerçekleşti."
"A reversal has occurred on this transaction due to your customer triggering a money-back guarantee.","Müşteri tarafından talep edilen para iade garantisi ile geri iade işlemi gerçekleşti."
"A value is required for live mode. Refer to your CardinalCommerce agreement.","Gerçek ortam moduna geçmek için değer gerekiyor. CardinalCommerce sözleşmenize bakınız."
"ACH Deposit (Hold for Dispute or Other Investigation)","ACH Depoziti (İhtilaf veya sahte ödeme durumları için)"
"ACH Deposit (Reversal)","ACH Depoziti (Ters)"
"ACH Funding for Funds Recovery from Account Balance","Garanti Fonuna payı için ACH Fonuna Hesaptan düşülecek miktar"
"ACH Withdrawal","ACH Para Çekme"
"API Authentication Methods","API Doğrulama Yöntemleri"
"API Certificate","API Sertifikası"
"API Password","API Şifresi"
"API Signature","API İmzası"
"API Username","API Kullanıcı Adı"
"API Uses Proxy","API Geçit Kullanır"
"Ability for buyer to purchase without PayPal account.","PayPal hesabı olmadan satın almak için alıcı özelliği"
"Accept credit card and PayPal payments securely.","Güvenli bir şekilde kredi kartı ve paypal ödemelerini kabul et."
"Accept credit cards, debit cards and PayPal payments securely.","Güvenli bir şekilde banka kartı kredi kartı ve paypal ödemelerini kabul et."
"Accept payments in your shopping cart. PayPal will process your card payments through the Payflow Gateway.","Alışveriş sepetindeki ödemeleri kabul et. PayPal, kredi kartı ödemelerini Payflow Tahsilat Servisi ile işleme alacaktır."
"Accept payments with a PCI compliant checkout that keeps customers on your site.","Sitenizde müşterilerinizi tutabilmek için PCI uyumlu alışveriş sayfası ile ödemeleri kabul edin"
"Accept payments with a PCI-compliant checkout that keeps customers on your site.","Sitenizde müşterilerinizi tutabilmek için PCI uyumlu alışveriş sayfası ile ödemeleri kabul edin"
"Accept payments with a completely customizable checkout page.","Ödemeleri tamamıyla özelleştirilmiş alışverişi sonlandır sayfasıyla abul et."
"Accept payments with a completely customizable checkout.","Ödemeleri tamamıyla özelleştirilmiş alışverişi sonlandır sayfasıyla abul et."
"Acceptance Mark","Kabul İşareti"
"Acceptance Mark Image","Kabul İşareti Resmi"
"Account-to-Account Payment, initiated by PayPal","Hesaptan hesaba ödeme Paypal tarafından başlatıldı"
"Add PayPal as an additional payment method to your checkout page to increase your sales.","Satışlarını arttırmak için alışverişi sonlandır sayfanıza alternatif ödeme yöntemi olarak Paypal 'ı ekle"
"Add PayPal as an additional payment method to your checkout page.","Alışverişi sonlandır sayfanıza alternatif ödeme yöntemi olarak Paypal 'ı ekle"
"Add another payment method to your existing solution or as a stand-alone option.","Mevcut çözüme veya tekil seçeneğe alternatif ödeme metodu ekle"
"Additional Options","Ek Seçenekler"
"Address","Adres"
"Address Verification System Response","Adres Doğrulama Sistemi Cevabı"
"Advanced Settings","Gelişmiş Ayarlar"
"All the address information matched","Bütün adres bilgileri eşleşti"
"Allow in Billing Agreement Wizard","Ödeme Anlaşması Sihirbazında İzin Ver"
"Allowable values: ""paypal"", ""primary"" (default), your_custom_value (a custom payment page style from your merchant account profile).","İzin verilen değerler: ""paypal"", ""primary"" (varsayılan), sizin_belirlediginiz_deger (PayPal profilinizde belirlediğiniz özel sayfa stili)."
"Allowed Credit Card Types","Kullanılabilen Kart Tipleri"
"Also affects mini-shopping cart.","Mini alışveriş sepetini de etkiler."
"Ask Customer","Müşteriye Sor"
"Attempted Authentication, Bad Result","Doğrulama girişimi, Sonuç Başarısız"
"Attempted Authentication, Good Result","Doğrulama girişimi, Sonuç Başarılı"
"Auction Payment other than through eBay","eBay dışında bir Açık Artırma Ödemesi"
"Authenticated, Bad Result","Onaylandı, Sonuç Başarısız"
"Authenticated, Good Result","Onaylandı, Sonuç Başarılı"
"Authorization","Yetkilendirme"
"Authorization Honor Period (days)","Authorization Honor Period (days)"
"Authorization transaction is required to void.","İptal için kimlik doğrulaması işlemi gerekiyor."
"Authorized amount of %s.","%s onaylanmış tutar."
"Authorizing amount of %s is pending approval on gateway.","Tahsilat servisinde %s provizyon verilen tutar onay bekliyor."
"Auto","Otomatik"
"AutoSweep","OtoTemizle"
"Available Balance","Kullanılabilir Bakiye"
"Balance Manager Account Bonus","Bakiye Yöneticisi Hesabı"
"Basic Settings - PayPal Express Checkout","Başlangıç Ayarları - PayPal Express Checkout"
"Basic Settings - PayPal Integral Evolution","Başlangıç Ayarları - PayPal Integral Evolution"
"Basic Settings - PayPal Pasarela integral","Başlangıç Ayarları - PayPal Pasarela integral"
"Basic Settings - PayPal Payflow Link","Başlangıç Ayarları - PayPal Payflow Link"
"Basic Settings - PayPal Payflow Pro","Başlangıç Ayarları - PayPal Payflow Pro"
"Basic Settings - PayPal Payments Advanced","Başlangıç Ayarları - PayPal Payments Advanced"
"Basic Settings - PayPal Payments Pro","Başlangıç Ayarları - PayPal Payments Pro"
"Basic Settings - PayPal Payments Pro Hosted Solution","Başlangıç Ayarları - PayPal Payments Pro Hosted Solution"
"Basic Settings - PayPal Payments Standard","Başlangıç Ayarları - PayPal Payments Standard"
"Basic Settings - PayPal Pro","Başlangıç Ayarları - PayPal Pro"
"Basic Settings - PayPal Website Payments Plus","Başlangıç Ayarları - PayPal Website Payments Plus"
"Basic Settings - PayPal Website Payments Pro","Başlangıç Ayarları - PayPal Website Payments Pro"
"Basic Settings - PayPal Website Payments Pro Hosted Solution","Başlangıç Ayarları - PayPal Website Payments Pro Hosted Solution"
"Basic Settings - PayPal Website Payments Pro Payflow Edition","Başlangıç Ayarları - PayPal Website Payments Pro Payflow Edition"
"Basic Settings - PayPal Website Payments Standard","Başlangıç Ayarları - PayPal Website Payments Standard"
"Billing Address","Fatura Adresi"
"Billing Agreement Signup","Ödeme Sözleşmesi Üyeliği"
"Bonus for first ACH Use","İlk ACH Kullanımı için Bonus"
"Both section above must be complete. ","Yukarıdaki her iki bölümde doldurulmalı."
"Buyer Credit Payment","Alıcı Kredi Ödemesi"
"Buyer claims that a possible duplicate payment was made to the merchant.","Alıcı, satıcının çift ödeme aldığını iddia ediyor."
"Buyer claims that he did not receive goods or service.","Alıcı, mal veya hizmeti alamadığını iddia ediyor."
"Buyer claims that he/she did not authorize transaction.","Alıcı, işlem için yetkili olunmadığını iddia ediyor."
"Buyer claims that the goods or service received differ from merchant’s description of the goods or service.","Alıcı, mal veya hizmetin satın  alınırken iddia edilen içerikten farklı olduğunu iddia ediyor."
"Buyer claims that the received merchandise is unsatisfactory, defective, or damaged.","Alıcı, alınan malın arızalı veya hasarlı olduğu iddia ediyor."
"Buyer\'s Tax ID","Alıcının Vergi Numarası"
"Buyer\'s Tax ID Type","Alıcının Vergi Numarası Tipi"
"By default it is ""reports.paypal.com"".","Varsayılan değer ""reports.paypal.com""."
"CNPJ","CNPJ"
"CPF","CPF"
"CVV Entry is Editable","CVV Bilgisi düzenlenebilir"
"CVV2 Check Result by PayPal","Paypal tarafından sağlanan CVV2 Kontrol Sonucu"
"Can not send new order email.","Yeni sipariş e-postası gönderilemiyor."
"Cannot create target file for reading reports.","Raporları okumak için oluşturulması gereken dosya oluşturulamadı."
"Centinel API URL","Centinel Api URL"
"Centinel Custom API URL","Centinel Özel Api URL"
"Charge-off","Kesinti"
"Chargeback","Geri Ödeme"
"Checkout with PayPal","PayPal ile Alışveriş"
"Choose a secure bundled payment solution for your business.","Bu işlem için güvenli birleştirilmiş bir ödeme seçeneği seçiniz."
"City","Şehir"
"Click here if you are not redirected within 10 seconds...","Eğer 10 saniye içinde yönlendirilmezseniz buraya tıklayınız..."
"Close","Kapat"
"Company","Şirket"
"Complaint","Uysal"
"Completion Date","Tamamlanma Tarihi"
"Configure","Yapılandır"
"Connect your merchant account with a PCI-compliant gateway that lets customers pay without leaving your site.","Satıcı hesabınızla, müşterilerinizin siteden ayrılmadan PCI uyumlu ödeme seçeneği ile bağlayın"
"Connect your merchant account with a fully customizable gateway that lets customers pay without leaving your site.","Satıcı hesabınızla, müşterilerinizin siteden ayrılmadan tamamen özelleştirilebilen ödeme seçeneği ile bağlayın"
"Connecting to PayPal SFTP server to fetch new reports. Are you sure you want to proceed?","Yeni raporları almak için PayPal SFTP sunucusu ile bağlantı kuruluyor. Bu işlemi devam etmek istediğinizden emin misiniz?"
"Continue","Devam et"
"Countries Payment Applicable From","Ödeme Kabul edilen Ülkeler"
"Country","Ülke"
"Coupon Redemption","Kupon Bozdurma"
"Credit","Kredi"
"Credit Card Settings","Kredi Kartı Ayarları"
"Currency Conversion required to cover negative balance","Negatif bakiyeyi kapatmak için Döviz Çevrimi gerekiyor"
"Custom","Özel"
"Custom Endpoint Hostname or IP-Address","Özel Sunucu Adresi veya IP Adresi"
"Custom Path","Özel Dosya Yolu"
"Customer Information","Müşteri Bilgisi"
"Customer did not include a confirmed address.","Müşteri onaylanmış bir adrese sahip değil."
"Daily","Günlük"
"Debit","Debit Kartı"
"Debit Card Cash Back","Debit Kartı Geri Ödemesi"
"Debit Card Transaction","Debit Kart İşlemi"
"Debit or Credit","Banka hesabı veya Kredi"
"Debug Mode","Hata Ayıklama Modu"
"Direct Payment API","Direkt Ödeme API"
"Discount","İndirim"
"Display Express Checkout in the Payment Information step","Ödeme Bilgisi adımında Express Checkout u göster"
"Displays on catalog pages and homepage.","Katalog sayfalarında ve Ana sayfada gözükür."
"Dispute","İhtilaf"
"Don't have a PayPal account? Simply enter your email address.","Bir PayPal hesabınız yok mu? Sadce e-posta adresinizi giriniz."
"Dynamic","Dinamik"
"EFT Funding (German banking)","EFT Ödemesi (Alman Bankaları için)"
"Edit Shopping Cart","Alışveriş Sepetini Düzenle"
"Email Address","E-posta Adresiniz"
"Email Associated with PayPal Merchant Account","E-posta Adresi PayPal Ticari Hesapla Bağlantılı"
"Email Associated with PayPal Merchant Account (Optional)","E-posta Associated with PayPal Merchant Account (Opsiyonel)"
"Enable Automatic Fetching","Otomatik getirmeyi Aktif et"
"Enable Express Checkout","Express Checkout Aktif et"
"Enable PayPal Guest Checkout","PayPal Guest Checkout Aktif et"
"Enable Payflow Link","Payflow Link Aktif et"
"Enable SSL verification","SSL doğrulamayı Aktif et"
"Enable this Solution","Bu çözümü Aktif et"
"Enabled","Aktif edildi"
"Event","Olay"
"Event Code","Olay Kodu"
"Every 10 days","Her 10 günde bir"
"Every 14 days","Her 14 günde bir"
"Every 3 days","Her 3 günde bir"
"Every 30 days","Her 30 günde bir"
"Every 40 days","Her 40 günde bir"
"Every 7 days","Her 7 günde bir"
"Exact Match. Address and Postal Code. International","Tam Eşleme. Adres ve Posta Kodu. Uluslararası"
"Exact Match. Address and Postal Code. UK-specific","Tam Eşleme. Adres ve Posta Kodu. Sadece İngiltere"
"Exact Match. Address and nine-digit ZIP code","Tam Eşleme. Adres ve 9 haneli Posta kodu"
"Express Checkout","Express Checkout"
"Express Checkout APIs","Ekspres Ödeme API leri"
"Express Checkout and Order have been canceled.","Ekspres Ödeme ve Sipariş iptal edildi."
"Express Checkout has been canceled.","Ekspres Ödeme iptal edildi."
"Failed to fetch reports from '%s@%s'.","%s@%s' adresinden raporlar getirilemedi."
"Fax","Faks"
"Fee Amount","Ücret Tutarı"
"Fee Debit or Credit","Ücret Debit veya Kredi"
"Fee Reversal","Ücret Geri Ödeme"
"Fee: Foreign ACH Withdrawal","Ücret: Yabancı ACH Para Çekimi"
"Fee: Mass Pay Request","Ücret: Toplu Ödeme İsteği"
"Fee: Web Site Payments Pro Account Monthly","Ücret: Web Site Payments Pro Hesabı için Aylık Ücret"
"Fee: WorldLink Check Withdrawal","Ücret: WorldLink Çek ödemesi"
"Fetch","Getir"
"Fetch Updates","Güncellemeleri Getir"
"Fetched %s report rows from '%s@%s'.","%s rapor satırları '%s@%s'  dan getirildi."
"For Virtual Quotes Only","Sadece Sanal Sepetler İçin"
"Frontend Experience Settings","Ön Sayfa Deneyim Ayarları"
"Funding","Fonlamak"
"General (Authorization)","Genel (Kimlik Onayı)"
"General (Dividend)","Genel (Kar Payı)"
"General (Funds Transfer from PayPal Account to Another)","Genel (Bir PayPal hesabından diğerine Aktarılan Para)"
"General (Purchase with a credit card)","Genel (Kredi Kartıyla Satın Alma)"
"General Adjustment without businessrelated event","İşle alakasız olay için Genel Ayarlama"
"General Currency Conversion","Genel Döviz Çevrimi"
"General Funding of PayPal Account ","Genel PayPal Hesabına Para Ekleme"
"General Redemption","Genel Geri Alma"
"General Withdrawal from PayPal Account","Genel Paypal Hesabından Para Çekme"
"General. Product no longer supported","Genel. Ürün desteklenmiyor"
"General: Use of PayPal account for purchasing as well as receiving payments","Genel: PayPal hesabının ödeme yapma ve para tahsilatı için kullanılması"
"General: Withdrawal from PayPal Account","Genel: Paypal Hesabından Para Çekme"
"General: Withdrawal to Non-Bank Entity","Genel: Banka olmayan bir kurum üzerinden Para Çekme"
"General: adjustment of a type not belonging to the other T12xx categories","Genel: Diğer T12xx kategorilerine ait olmayan tipte ayarlama"
"General: bonus of a type not belonging to the other T08xx categories","Genel: Diğer T08xx kategorilerine ait olmayan tipte kazanç"
"General: event not yet categorized","Genel: olay kategorize edilmedi"
"General: non-payment fee of a type not belonging to the other T01xx categories","Genel: Diğer T01xx kategorilerine ait olmayan tipte tahsilat komisyonu olmayan ücret"
"General: received payment of a type not belonging to the other T00xx categories","Genel: Diğer T00xx kategorilerine ait olmayan tipte yapılmış tahsilat"
"General: reversal of a type not belonging to the other T11xx categories","Genel: Diğer T11xx kategorilerine ait olmayan tipte ücret iadesi"
"General: temporary hold of a type not belonging to the other T15xx categories","Genel: Diğer T15xx kategorilerine ait olmayan tipte geçici askıya alma"
"Get Credentials from PayPal","Bilgileri PayPal 'dan al"
"Gift Certificate Payment: purchase of Gift Certificate","Hediye Çeki Ödemesi: Hediye Çekinin satın alımı"
"Gift Certificate Redemption","Hediye Çeki Bozdurma"
"Gross Amount","Brüt Toplam"
"Header Background Color","Başlık Arka Plan Rengi"
"Header Border Color","Başlık Çerçeve Rengi"
"Header Image URL","Başlık Resim URL"
"Help","Yardım"
"Hidden Virtual PayPal Debit Card Transaction","Gizli Sanal Paypal Debit Kart İşlemi"
"Hold for Dispute Investigation","İhtilaf araştırması için Askıda"
"IPN ""%s"".","IPN ""%s""."
"IPN ""%s"". %s Transaction amount %s. Transaction ID: ""%s""","IPN ""%s"". %s İşlem Tutarı %s. İşlem No: ""%s"""
"IPN ""%s"". A dispute has been resolved and closed. %s Transaction amount %s.","IPN ""%s"". Bir anlaşmazlık çözüldü ve kapatıldı. %s İşlem Tutarı %s."
"IPN ""%s"". Case type ""%s"". Case ID ""%s"" %s","IPN ""%s"". Konu Tipi ""%s"". Konu No ""%s"" %s"
"If empty, a default value will be used. Custom URL may be provided by CardinalCommerce agreement.","Eğer boş bırakırsanız, varsayılan değer kullanılır. CardinalCommerce sözleşmesinde alternatif bir URL bulabilirsiniz."
"If not specified, Default Country from General Config will be used","Eğer tanımlanmamışsa, ana yapılandırmadaki varsayılan ülke kullanılacaktır"
"If this option is enabled, customer can change shipping address and shipping method on PayPal website. In live mode works via HTTPS protocol only.","Bu seçenek aktifse, müşteri teslimat yöntemini ve teslimat adresini PayPal sitesindeyken değiştirebilir. Gerçek modda iken sadece HTTPS protokolü ile çalışır."
"If you do not have multiple users set up on your account, please re-enter your Vendor/Merchant Login here.","Hesabında tanımlanmış çoklu kullanıcı mevcut değilse, lütfen tedarikçi/satıcı hesap girişini yeniden yapınız."
"Impossible to issue a refund transaction because the capture transaction does not exist.","Para tahsili işlemi olmayan bir işleme iade isteyemezsiniz."
"Incentive","Özendirici"
"Initiation Date","Davet Tarihi"
"Integral Evolution","Integral Evolution"
"Invoice ID","Fatura No"
"Issuer Liability","Kart Sağlayıcı Sorumluluğu"
"It is recommended to set this value to ""Debit or Credit Card"" per store views.","Bu değeri her mağaza görünümü için ""Debit veya Kredi Kartı"" olarak ayarlamanız tavsiye edilir."
"It is recommended to set this value to ""PayPal"" per store views.","Bu değeri her mağaza görünümü için ""PayPal"" olarak ayarlamanız tavsiye edilir."
"Items in Your Shopping Cart","Sepetinizdeki Ürünler"
"Last Correlation ID","Son Kolerasyon No"
"Last Transaction ID","Son İşlem No"
"Learn More","Daha fazla bilgi"
"Login","Login"
"Mass Pay Payment","Toplu Tahsilat İşlemi"
"Matched (CVV2)","Eşleşti (CVV2)"
"Matched (CVV2CSC)","Eşleşti (CVV2CSC)"
"Matched Address only (no ZIP)","Sadece Adres Eşleşti (Posta Kodu yok)"
"Matched Address only (no ZIP). International","Sadece Adres Eşleşti (Posta Kodu yok). Uluslararası"
"Matched Postal Code only (no Address)","Sadece Posta Kodu Eşleşti (Adres yok)"
"Matched five-digit ZIP only (no Address)","Sadece 5 haneli Posta Kodu Eşleşti (Adres yok)"
"Matched whole nine-didgit ZIP (no Address)","9 haneli Posta Kodu Eşleşti (Adres yok)"
"Merchant Account","Satıcı Hesabı"
"Merchant Country","Satıcı Ülkesi"
"Merchant Liability","Satıcı Sorumluluğu"
"Merchant Location","Satıcı Lokasyonu"
"Merchant Protection Eligibility","Satıcı Koruma Sorumluluğu"
"Merchant Referral Bonus","Satıcı Tavsiye Bonusu"
"Merchant holds a non-U.S. account and does not have a withdrawal mechanism.","Satıcı A.B.D. dışı bir hesap kullanıyor ve para çekme imkanına sahip değil."
"Merchant reference ID format is not supported.","Satıcı referans No biçimi desteklenmemektedir."
"Merchants need to apply to PayPal for enabling billing agreements feature. Do not enable this option until PayPal confirms that billing agreements are enabled for your merchant account.","Satıcı, ödeme sözleşmesi özelliğinin aktivasyonu için PayPal a üye olmaya ihtiyaç duyar. Satıcı hesabınız için PayPal tarafından ödeme sözleşmesi aktivasyonuna onay gelmeden bu seçeneği aktif etmeyiniz."
"Mobile Payment (made via a mobile phone)","Mobil Ödeme (mobil cihaz ile)"
"N/A","Mevcut Değil"
"N/A. Address not checked, or acquirer had no response. Service not available","Adres kontrol edilmedi veya herhangi bir cevap alınamadı. Servis uygun değil"
"N/A. Global Unavailable","Global Mevcut Değil"
"N/A. International Unavailable","Uluslararası Mevcut Değil"
"N/A. Merchant has indicated that CVV2 is not present on card","Satıcı, kartta CVV2 olmadığını belirtti."
"N/A. No response","Cevap yok"
"N/A. Not allowed for MOTO (Internet/Phone) transactions","MOTO işlemleri için izin verilmedi(İnternet/Telefon)"
"N/A. Not processed","İşlenmedi"
"N/A. Retry","Yeniden Dene"
"N/A. Service not Supported","Servis desteklenmiyor"
"N/A. Service not available","Servis kullanılabilir değil"
"N/A. Service not supported","Servis desteklenmiyor"
"N/A. The merchant did not provide AVS information","Satıcı AVC bilgisi sağlayamadı"
"N/A. The merchant has not implemented CVV2 code handling","Satıcı CVV2 kodu işlemini uygulayamadı"
"N/A. Unavailable","Mevcut değil"
"Negative Balance","Negatif Bakiye"
"Never","Asla"
"No","Hayır"
"No Details matched","Eşleşen detay bulunamadı."
"No Details matched. International","Eşleşen detay bulunamadı. Uluslararası"
"No Liability Shift","Herhangi bir sorumluluk yön değiştirme bulunamadı"
"No Logo","Logo bulunamadı"
"No match","Eşleşme bulunamadı"
"None of the address information matched","Herhangi bir adres eşleşmedi."
"Not sure what PayPal payment method to use? Click <a href=""%s"" target=""_blank"">here</a> to learn more.","PayPal ödeme yöntemini kullandığınızdan emin değil misiniz? Öğrenmek için <a href=""%s"" target=""_blank"">buraya tıklayınız</a>."
"Note: %s","Not: %s"
"Nothing to fetch because of an empty configuration.","Yapılandırma bilgileri boş olduğu için çekim yapılamıyor."
"Notice that PayPal can handle up to 10 shipping options. That is why Magento will transfer only first 10 cheapest shipping options if there are more than 10 available.","Paypal, 10 adede kadar teslimat seçeneğini desteklemektedir. Eğer 10 taneden fazla teslimat seçeneği varsa Magento en ucuz ilk 10 tanesini gönderecektir."
"Notified customer about creditmemo #%s.","#%s İade Kaydı için müşteri bilgilendirildi."
"Notified customer about invoice #%s.","#%s fatura için müşteri bilgilendirildi."
"Now accepting PayPal (150 X 40)","Şimdi PayPal ile Ödeme Alabilirsiniz (150 X 40)"
"Now accepting PayPal (150 X 60)","Şimdi PayPal ile Ödeme Alabilirsiniz (150 X 60)"
"Number of Child Authorizations","Alt Doğrulama Sayısı"
"Open Authorization","Açık Kimlik Onayı"
"Order","Sipariş"
"Order ID","Sipariş No"
"Order Valid Period (days)","Sipariş Geçerlilik Süresi (gün)"
"Ordered amount of %s.","Sipariş tutarı %s."
"Ordering amount of %s is pending approval on gateway.","Sipariş tutarı %s tahsilat servisinde onay bekliyor."
"Page Background Color","Sayfa Arka Plan Rengi"
"Page Style","Sayfa Biçimi"
"Part of the address information matched","Adres bilgisi kısmen eşleşti"
"Partner","Çözüm Ortağı"
"Pasarela integral","Pasarela Tamamlayıcı"
"Password","Şifre"
"PayPal All-in-One Payment Solutions&nbsp;&nbsp;<i>Accept and process credit cards and PayPal payments.</i>","PayPal Hepsi bir Arada Ödeme Çözümleri&nbsp;&nbsp;<i>hem kredi kartından hemde PayPal üzerinden ödeme kabul eder ve işlem yapar.</i>"
"PayPal Balance Manager function of PayPal account","PayPal hesabının PayPal Bakiye Yönetici Fonksiyonu"
"PayPal Billing Agreement Settings","Paypal Ödeme Sözleşmesi Ayarları"
"PayPal Buyer Warranty Bonus","PayPal Alıcı Garanti Bonusu"
"PayPal Debit Card Cash Advance","PayPal Debit Kart Ödeme İlerlemesi"
"PayPal Debit Card Withdrawal from ATM","PayPal Debit Kartı ile ATM den para çekme"
"PayPal Express Checkout","PayPal Ekspres Ödeme"
"PayPal Express Checkout Shortcut Wrapper","PayPal Ekspres Ödeme Kısayol Çerçevesi"
"PayPal Express Checkout Token does not exist.","PayPal Ekspres Ödeme anahtar bilgisi bulunamadı."
"PayPal Express Checkout is not enabled.","PayPal Express Checkout aktif değil."
"PayPal Express Order Review Form","PayPal Express Sipariş Önizleme"
"PayPal Fee Information","PayPal Ücret Bilgisi"
"PayPal Merchant Pages Style","PayPal Satıcı Sayfa Stilleri"
"PayPal Payment Gateways","PayPal Tahsilat Servisi"
"PayPal Payment Solutions","PayPal Tahsilat Çözümleri"
"PayPal Pro","PayPal Pro"
"PayPal Product Logo","PayPal Ürün Logosu"
"PayPal Protection Bonus","PayPal Koruma Bonusu"
"PayPal Reference ID","PayPal Referans ID"
"PayPal Reference ID Type","PayPal Referans ID Tipi"
"PayPal Settlement Reports","PayPal Bakiye Raporları"
"PayPal certificate does not exist.","PayPal sertifikası bulunamadı."
"PayPal certificate file is empty.","PayPal sertifika dosyası boş."
"PayPal does not support processing orders with zero amount. To complete your purchase, proceed to the standard checkout process.","PayPal sıfır tutarlı siparişleri desteklemez. Siparişinizi tamamlamak için standart alışveriş işlemini kullanınız."
"PayPal gateway has rejected request. %s","PayPal servisi isteği reddetti. %s"
"PayPal recommends that you set up an additional User on your account at manager.paypal.com","PayPal manager.paypal.com adresindeki hesabınızda ek bir kullanıcı oluşturulmasını önerir."
"PayPal recommends you set up an additional User on your account at manager.paypal.com, instead of entering your admin username and password here. This will enhance your security and prevent service interruptions if you later change your password. If you do not want to set up an additional User, you can re-enter your Merchant Login here.","PayPal, buraya gireceğiniz kullanıcı adı ve şifreye göre manager.paypal.com adresinde hesabınız üzerinde ek bir kullanıcı oluşturulmasını önerir. Eğer daha sonra şifrenizi değiştirirseniz, bu özellik güvenlik ve hizmet kesintilerini önlemeyi arttırır. Eğer bu özellik ile ek bir hesap yaratılmasını istemezseniz, Satıcı Login hesabınıza yeniden giriş yapınız."
"PayPal response hasn't required fields.","Paypal cevabı zorunlu alanları içermiyor."
"PayPal retains reports for 45 days.","Paypal 45 günlük raporları barındırır."
"PayPal/Centinel Electronic Commerce Indicator","PayPal/Centinel Elektronik Ticaret Göstergesi"
"PayPal/Centinel Visa Payer Authentication Service Result","PayPal/Centinel Visa Müşteri Kimlik Onay Sonucu"
"Payer Address ID","Ödeme Yapan Adres No"
"Payer Address Status","Ödeme Yapan Adres Durumu"
"Payer Email","Ödeme Yapanın E-posta Adresi"
"Payer ID","Ödeme Yapan No"
"Payer Status","Ödeme Yapanın Durumu"
"Payer is not identified.","Ödeme Yapan tanımlanmadı."
"Payflow Link","Payflow Link"
"Payflow Link (Includes Express Checkout)","Payflow Link (Express Checkout Dahil)"
"Payflow Pro","Payflow Pro"
"Payflow Pro (Includes Express Checkout)","Payflow Pro (Express Checkout Dahil)"
"Payflow Pro and Express Checkout","Payflow Pro and Express Checkout"
"Payment Action","Ödeme İşlemi"
"Payment Applicable From","Uygun Ödeme Formu"
"Payment Refund initiated by merchant","Ödeme iadesi satıcı tarafından başlatıldı"
"Payment has been declined. Please try again.","Ödeme kabul edilmedi. Lütfen tekrar deneyiniz."
"Payment transactions disallow storing objects.","Ödeme işlemleri nesneleri kaydetmeye izin vermiyor."
"Payments Advanced","Payments Advanced"
"Payments Advanced (Includes Express Checkout)","Payments Advanced (Express Checkout Dahil)"
"Payments Pro (Includes Express Checkout)","Payments Pro (Express Checkout Dahil)"
"Payments Pro Hosted Solution","Payments Pro Hosted Çözümü"
"Payments Pro and Express Checkout","Payments Pro and Express Checkout"
"Payments Standard","Payments Standard"
"Payments by PayPal (150 X 40)","PayPal Ödemeleri (150 X 40)"
"Payments by PayPal (150 X 60)","PayPal ileTahsilat (150x60)"
"Pending PayPal","PayPal Bekleniyor"
"Place Order","Sipariş Ver"
"Please agree to all the terms and conditions before placing the order.","Siparişi tamamlamak için Satış Şartları ve Koşullarını kabul etmeniz gerekmektedir."
"Please do not refresh the page until you complete payment.","Lütfen ödeme işlemi tamamlanana kadar sayfayı yenilemeyiniz."
"Please re-enable the previously enabled payment solutions.","Önceki aktif edilmiş ödeme çözümlerini lütfen yeniden aktif ediniz."
"Please select a shipping method...","Lütfen bir teslimat yöntemi seçiniz…"
"Please select region, state or province","Lütfen bölge, eyalet veya şehir seçiniz"
"Please update order data to get shipping methods and rates","Teslimat yöntemleri ve fiyatlarının belirlenebilmesi için sipariş bilgilerini güncelleyiniz"
"Points Incentive Redemption","Puan Teşvik Paraya Dönüştürme"
"Postage Payment to either USPS or UPS","USPS veya UPS için gönderim ücreti"
"Preapproved Payment (BillUser API), either sent or received","Ön Onaylı Ödeme (BillUser API), gönderildi veya alındı"
"Preapproved Payment ID","Ön Onaylı Ödeme No"
"Price","Fiyat"
"Pro","Profesyonel"
"Process payments using your own internet merchant account.","Ödeme işlemleri için sizin internet satıcı hesabınız kullanılıyor."
"Product Name","Ürün Adı"
"Proxy Host","Vekil Sunucu Adresi"
"Proxy Port","Vekil Sunucu Portu"
"Qty","Miktar"
"Reauthorization","Yeniden Onaylama"
"Reference Information","Referans Bilgisi"
"Reimbursement for a chargeback.","Geri ödeme için geri ödeme."
"Reimbursement of Chargeback","Geri ödemenin iadesi"
"Report Date","Rapor Tarihi"
"Reports","Raporlar"
"Require CVV Entry","CVV Bilgisi iste"
"Require Customer's Billing Address","Müşterinin Fatura Adresini İste"
"Required PayPal Settings","Paypal Ayarları Zorunludur"
"Required Settings","Zorunlu Ayarlar"
"Reversal","İptal"
"Reversal of General Account Hold","Genel Hesap Tutma İptali"
"Reversal of Points Usage","Puan Kullanımı İadesi"
"Reversal of an adjustment.","Ayarlama İadesi."
"Reversal of hold for Dispute Investigation","Araştırma nedeniyle tutulan ücretin iadesi"
"Review Order","Siparişi Yorumla"
"Reward Voucher Redemption","Ödül Çeki Bozdurma"
"SFTP Credentials","SFTP Hesap Bilgileri"
"Sale","Satış"
"Sales","Satışlar"
"Same as shipping","Teslimat ile Aynı"
"Sandbox Credentials","Sandbox (Test) Hesap Bilgileri"
"Sandbox Mode","Sandbox (Test) Kipi"
"Schedule","Zamanlama"
"Schedule description is too long.","Zamanlama açıklaması çok uzun."
"Scheduled Fetching","Zamanlanmış Tahsilat"
"Select a Payment Solution","Bir Ödeme Çözümü Seçiniz"
"Send Email Confirmation","E-posta Onayı Gönder"
"Server Error. Please try again.","Sunucu hatası. Lütfen tekrar deneyiniz."
"Settlement Consolidation","Bakiye Konsodilasyonu"
"Settlement Report Settings","Anlaşma Raporu Ayarları"
"Settlement of a chargeback.","İade anlaşması."
"Severe 3D Secure Card Validation","Nihai 3D Secure Kart Doğrulaması"
"Severe Validation Removes Chargeback Liability on Merchant","Son doğrulama satıcının iade zorunluluğunu ortadan kaldırır."
"Severe validation removes chargeback liability on merchant.","Son doğrulama satıcının iade zorunluluğunu ortadan kaldırır."
"Shipping","Teslimat"
"Shipping Address","Teslimat Adresi"
"Shipping Method","Teslimat Yöntemi"
"Shop now using (150 X 40)","Hemen Al (150 X 40)"
"Shop now using (150 X 60)","Hemen Al (150 X 60)"
"Shortcut","Kısayol"
"Shortcut Buttons Flavor","Kısayol Butonu Şekli"
"Shortcut on Product View","Ürün Görünmündeki Kısayol"
"Shortcut on Shopping Cart","Sepetteki Kısayol"
"Sign a billing agreement to streamline further purchases with PayPal.","PayPal ile satın almaları daha fazla kolaylaştırmak için bir ödeme sözleşmesi yapabilirsiniz."
"Solo","Solo"
"Some PayPal solutions conflict.","Bazı PayPal çözümleri çakışmaktadır."
"Sorry, no quotes are available for this order at this time.","Üzgünüz, bu sipariş için sepet bulunamadı."
"Sort Order","Sıralama"
"Specifies what the Authorization Honor Period is on the merchant’s PayPal account. It must mirror the setting in PayPal.","Satıcının Paypal hesabındaki Yetkilendirme Onur Periyodu ne olduğunu belirtir. Paypal hesabındaki ayarla aynı olmalıdır."
"Specifies what the Order Valid Period is on the merchant’s PayPal account. It must mirror the setting in PayPal.","Siparişin Geçerlilik Süresinin ne olduğunu belirtir. Paypal hesabındaki ayarla aynı olmalıdır."
"State/Province","Eyalet/Şehir"
"Static","Statik"
"Street Address","Adres"
"Street Address %s","Adres %s"
"Submitting order information...","Sipariş bilgisi gönderiliyor…"
"Subscriber name is too long.","Abone adı çok uzun."
"Subscription ID","Abonelik No"
"Subscription Payment, either payment sent or payment received","Ödeme Aboneliği, ödeme gönder veya ödeme al."
"Subtotal","Ara Toplam"
"Summary Text for Aggregated Cart","Birleştirilmiş sepet için Özet Metni"
"Supporting of American Express cards require additional agreement. Learn more at <a href=""http://www.paypal.com/amexupdate"">http://www.paypal.com/amexupdate</a>.","American Express kartlarına destek vermek için ek anlaşma gerekmektedir. Daha fazla bilgi için <a href=""http://www.paypal.com/amexupdate"">http://www.paypal.com/amexupdate</a>."
"Switch/Maestro","Switch/Maestro"
"Telephone","Telefon"
"Test Mode","Test Kipi"
"The background color for the checkout page around the header and payment form.","Başlık ve ödeme formu arkasındaki alanı kaplayacak arka plan rengi."
"The background color for the header of the checkout page. Case-insensitive six-character HTML hexadecimal color code in ASCII.","Alışveriş sonu sayfası ve ödeme formu için arka plan rengi. 6 karakterli Hex renk kodu giriniz."
"The default number of child authorizations in your PayPal account is 1. To do multiple authorizations please contact PayPal to request an increase.","Alt doğrulama işlemi sayısı için varsayılan değer. Bu değer PayPal sisteminde varsayılan olarak 1 dir. Bu değeri artırarak aynı anda 1 den fazla doğrulama işlemi yapabilmek istiyorsanız PayPal ile iletişim kurun."
"The following error(s) occured:","Aşağıdaki hata(lar) meydana geldi:"
"The image at the top left of the checkout page. Max size is 750x90-pixel. <strong style=""color:red"">https</strong> is highly encouraged.","Resim, alışveriş sayfasının üst sol köşesindedir. Maksimum boyut, 750x90 pixeldir. <strong style=""color:red"">https</strong> ısrarla önerilmektedir."
"The maximum number of child authorizations is reached.","Maksimum alt onay sayısına ulaşıldı."
"The merchant account is not yet verified.","Satıcı hesabı henüz onaylanmadı."
"The payment curency does not match any of the merchant\'s balances currency.","Ödeme para birimi, satıcı hesap para birimi ile uyuşmamaktadır."
"The payment eCheck is not yet cleared.","Ödeme eCheck henüz ödenmedi."
"The payment is authorized but not settled.","Ödeme proziyonu alındı fakat ödeme henüz alınmadı."
"The payment is pending because it was made to an email address that is not yet registered or confirmed.","Ödeme, e-posta adresi henüz kayıtlı olmadığından veya onaylanmadığından bekliyor statüsünde olacaktır."
"The payment is pending while it is being reviewed by PayPal for risk.","Ödeme, Paypal risk kontrolünü yapana kadar bekliyor statüsünde olacaktır."
"The payment was made via credit card. In order to receive funds merchant must upgrade account to Business or Premier status.","Ödeme kredi kartı ile yapıldı.  Satıcının bu siparişin ödemesini alabilmesi için hesabın Business veya Premier seviyeye yükseltmesi gerekmektedir."
"There is already another PayPal solution enabled. Enable this solution instead?","Başka bir PayPal çözümü aktif durumdadır. Yerine bu çözümü etkinleştirmek ister misiniz?"
"There was an error processing your order. Please contact us or try again later.","Sipariş işleminde bir hata meydana geldi. Lütfen bizimle irtibata geçiniz veya daha sonra tekrar deneyiniz."
"This feature needs be enabled first for the merchant account through PayPal technical support.","Bu özellik, öncelikle Paypal teknik destek yoluyla satıcı  hesabının aktif olmasını gerektirir."
"This operation requires an existing transaction object.","Bu işlem mevcut işlem nesnesi gerektirmektedir."
"Time of Day","Zaman"
"Title","Başlık"
"Transaction ID","İşlem ID"
"Transaction ID must not be empty.","İşlem ID boş bırakılamaz."
"Transaction Information","İşlem Bilgisi"
"Transaction reversal by PayPal administrators.","PayPal tarafından dönen işlem sahte olarak algılandı."
"Transaction reversal due to fraud detected by PayPal administrators.","PayPal tarafından dönen işlem sahte olarak algılandı."
"Transfer Cart Line Items","Transfer Sepet Ürünleri"
"Transfer Shipping Options","Transfer Teslimat Seçenekleri"
"Triggered Fraud Filters","Tetiklenen Sahte İşlem Filtreleri"
"URL method for Cancel URL and Return URL","İptal ve Dönüş işlem URL si için URL metodu"
"Unable to cancel Express Checkout.","Express Checkout iptal edilemedi."
"Unable to change status. Current status is not correspond to real status.","Durum değişimi yapılamadı. Mevcut durum, gerçek durumu karşılamamaktadır."
"Unable to communicate with the PayPal gateway.","PayPal ile iletişim kurulamadı."
"Unable to initialize Express Checkout review.","Express Checkout gözden geçirme başlatılamadı."
"Unable to initialize Express Checkout.","Express Checkout başlatılamadı."
"Unable to place the order.","Sipariş oluşturulamadı."
"Unable to process Express Checkout approval.","Express Checkout Onaylama işlemi yapılamadı."
"Unable to start Express Checkout.","Express Checkout başlatılamadı."
"Unable to update Order data.","Sipariş güncellenemedi."
"Unable to update shipping method.","Teslimat yöntemi güncellenemedi."
"Unknown Error. Please try again later.","Bilinmeyen hata. Lütfen daha sonra tekrar deneyiniz."
"Unknown reason. Please contact PayPal customer service.","Bilinmeyen sebep. Lütfen PayPal müşteri hizmetleri ile irtibata geçiniz."
"Update Order Data","Siparişi Güncelle"
"Use Proxy","Vekil Sunucu Kullan"
"Use colon to specify port. For example: ""test.example.com:5224"".","Port belirtmek için iki nokta kullanın. Örnek: ""test.example.com:5224""."
"User","Kullanıcı"
"User-initiated Currency Conversion","Kullanıcı tarafından başlatılan Döviz Çevrimi"
"Uses store frontend name by default.","Varsayılan olarak mağaza adını kullanır."
"VAT Number","Vergi Numarası"
"Vendor","Tedarikçi"
"View","Göster"
"View Demo","Demo Göster"
"View Transaction","İşlemi Göster"
"View Transaction Details","İşlem Detayını Göster"
"Virtual PayPal Debit Card Transaction","Sanal Paypal Debit Kartı İşlemi"
"Virtual Terminal Payment","Sanal Terminal Ödemesi"
"Void","İptal edildi"
"We prefer PayPal (150 X 40)","PayPal ı Öneriyoruz (150 X 40)"
"We prefer PayPal (150 X 60)","PayPal ı Öneriyoruz (150 X 60)"
"Website Payments Plus","Website Payments Plus"
"Website Payments Pro (Includes Express Checkout)","Website Payments Pro (Express Checkout dahil)"
"Website Payments Pro Hosted Solution","Website Payments Pro Hosted Çözüm"
"Website Payments Pro Hosted Solution (Includes Express Checkout)","Website Payments Pro Hosted Solution (Express Checkout içerir)"
"Website Payments Pro Hosted Solution and Express Checkout","Website Payments Pro Hosted Solution ve Express Checkout"
"Website Payments Pro Payflow Edition (Includes Express Checkout)","Website Payments Pro (Payflow Edition) (Ekspres Checkout içerir)"
"Website Payments Pro Payflow Edition and Express Checkout","Website Payments Pro Payflow Edition ve Express Checkout"
"Website Payments Pro and Express Checkout","Website Payments Pro ve Express Checkout"
"Website Payments Standard","Website Payments Standart"
"Website Payments Standard Payment","Website Payments Standart Tahsilat"
"What is PayPal?","PayPal nedir?"
"Whether to create a billing agreement, if there are no active billing agreements available.","Eğer aktif ödeme sözleşmesi yoksa, yeni sözleşme oluşturunuz."
"Will appear as a payment option only for customers who have at least one active billing agreement.","En azından bir aktif fatura anlaşması (periyodik ödeme) olan müşteriler için bir ödeme seçeneği olacaktır."
"WorldLink Withdrawal","WorldLink Ödeme Alma"
"Would you like to sign a billing agreement to streamline further purchases with PayPal?","Ödemelerinizi düzenli alabilmek için PayPal ile ödeme sözleşmesi imzalamak ister misiniz?"
"Wrong PayPal Express Checkout Token specified.","Hatalı PayPal Express Checkout anahtar verisi."
"Yes","Evet"
"Yes. Matched Address and five-didgit ZIP","Evet. Adres ve 5 haneli posta kodu eşleşti"
"You cannot void a verification transaction","Doğrulama işlemini iptal edemezsiniz"
"You will be redirected to the PayPal website in a few seconds.","Birazden PayPal web sitesine yönlendirileceksiniz."
"You will be redirected to the PayPal website when you place an order.","Siparişinizi tamamlamak için PayPal sitesine yönlendirileceksiniz."
"You will be redirected to the PayPal website.","PayPal web sitesine yönlendirileceksiniz."
"You will be required to enter your payment details after you place an order.","Siparişiniz kaydedildikten sonra istenen ödeme detaylarını girmeniz gerekecektir."
"Zip/Postal Code","Zip/Posta Kodu"
"eBay Auction Payment","eBay Açık Artırma Ödemesi"
