" The customer does not exist in the system anymore.","Bu müşteri sistemde bulunamadı."
" [deleted]"," [silindi]"
" and "," ve "
"%s (Default Template from Locale)","%s (Yerelleştirme klasöründeki varsayılan şablon)"
"%s cache type(s) disabled.","%s ön bellek tip(ler)i iptal edildi."
"%s cache type(s) enabled.","%s ön bellek tip(ler)i etkinleştirildi."
"%s cache type(s) refreshed.","%s ön bellek tip(ler)i yenilendi."
"(For Type ""Local Server"" need to use relative path to Magento install var/export or var/import, e.g. var/export, var/import, var/export/some/dir, var/import/some/dir)","(""Yerel Sunucu"" seçeneği için Magento kurulumunun içindeki var/export veya var/import şeklindeki bir klasörü veriniz. Örnek: var/export, var/import, var/export/ornek/klasor, var/import/ornek/klasor) gibi"
"(For US 2-letter state names)","(ABD için 2 harfli eyalet kodları.)"
"(If left empty will be auto-generated)","(Boş bırakılırsa otomatik oluşturulur)"
"(Leave empty for first spreadsheet)","(İlk excel çalışma sayfası için boş bırakınız.)"
"(Products will be added/updated to this store if 'store' column is blank or missing in the import file.)","(içeri aktarılan dosyada, 'store' veri alanı boş ise ürünler bu mağazaya eklenecek veya güncellenecek.)"
"(Shift-)Click or drag to change value","Değeri değiştirmek için (Shift-)Tıklayarak veya sürükleyiniz"
"(Starting with)","(ile başlıyor)"
"(When 'No', only mapped fields will be imported. When mapping, use 'column1', 'column2', etc.)","('Hayır'ı seçerseniz, sadece eşleştirilmiş alanların verisi alınacak. Eşleştirme yaparken, 'column1', 'column2', şeklinde alan (kolon) adları kullanın.)"
"(You have to increase php memory_limit before changing this value)","(Bu değeri değiştirmeden önce php memory_limit değerini artırınız)"
"(\\t for tab)","(Sekme için \\t)"
"* - If indexing is in progress, it will be killed and new indexing process will start.","* -Eğer İndeks çalışıyorsa, durdurulacak ve yeni bir indeks süreci başlatılacak."
"* Required Fields","* Zorunlu Alanlar"
"- Click on any of the time parts to increase it","- Yükseltmek için saatin herhangi bir yerine tıklayınız."
"- Hold mouse button on any of the above buttons for faster selection.","- Hızlı seçim için fareyi yukarıdaki butonlardan herhangi birinin üzerinde tutun"
"- Use the %s buttons to select month","Ay seçmek için %s butonlarını kullanınız."
"- Use the %s, %s buttons to select year","Yıl seçmek için %s, %s butonunu kullanınız."
"- or Shift-click to decrease it","- veya azaltmak için Shift+ tıklayınız"
"- or click and drag for faster selection.","- veya hızlı seçim için tıkla ve sürükle"
"-- Not Selected --","-- Seçilmedi --"
"-- Please Select --","-- Lütfen Seçiniz --"
"-- Please Select Billing Agreement--","-- Lütfen Ödeme Onayı Seçiniz --"
"-- Please Select a Category --","--Lütfen bir kategori seçiniz--"
"-- Please select --","-- Lütfen Seçiniz --"
"--Please Select--","--Lütfen Seçiniz--"
"1 Hour","1 Saat"
"12 Hours","12 Saat"
"12h AM/PM","12h AM/PM"
"2 Hours","2 Saat"
"24 Hours","24 Saat"
"24h","24h"
"2YTD","2YTD"
"6 Hours","6 Saat"
"<h1 class=""page-heading"">404 Error</h1><p>Page not found.</p>","<h1 class=""page-heading"">404 Hatası</h1><p>Sayfa Bulunamadı.</p>"
"<strong>%s</strong> requests access to your account","Hesabına <strong>%s</strong> girişler istendi."
"<strong>Attention</strong>: Captcha is case sensitive.","<strong>Dikkat</strong>: Resim onayı (CAPTCHA) büyük/küçük harfe duyarlıdır."
"A user with the same user name or email aleady exists.","Bu kullanıcı ismini veya e-posta adresini kullanan bir kullanıcı bulunuyor."
"API Key","API Anahtarı"
"API Key Confirmation","API Anahtarı Onayı"
"ASCII","ASCII"
"Abandoned Carts","Terk Edilmiş Sepetler"
"About the calendar","Takvim hakkında"
"Access Denied","Erişim Engellendi"
"Access denied","Erişim Engellendi"
"Access denied.","Erişim engellendi."
"Account Created in:","Hesap Oluşturuldu:"
"Account Created on (%s):","Hesap Oluşturulma Tarihi (%s):"
"Account Created on:","Oluşturulan Hesap:"
"Account Information","Hesap Bilgisi"
"Account Status","Hesap Durumu"
"Account status","Hesap Durumu"
"Action","İşlem"
"Actions","İşlemler"
"Actions XML","XML İşlemleri"
"Active","Aktif"
"Add","Ekle"
"Add Exception","İstisna ekle"
"Add Field Mapping","Alan Eşlemesi Ekle"
"Add Field with URL:","URL ile alan ekle:"
"Add New","Yeni Ekle"
"Add New Image","Yeni Resim Ekle"
"Add New Profile","Yeni Profil Ekle"
"Add New Role","Yeni Yetki Sınıfı Ekle"
"Add New Template","Yeni Şablon Ekle"
"Add New URL Rewrite","URL yeniden yazım Ekle"
"Add New User","Yeni Kullanıcı Ekle"
"Add New Variable","Yeni Değişken Ekle"
"Add Products","Ürünleri Ekle"
"Add URL Rewrite","URL Yeniden Yazma Ekle"
"Add URL Rewrite for a Category","Kategori için URL Yeniden Yazımı Ekle"
"Add URL Rewrite for a Product","Ürün için URL Yeniden Yazımı Ekle"
"Add after","Sonra Ekle"
"Additional Cache Management","Ek Ön Bellek Yönetimi"
"Address Type:","Adres Tipi:"
"Admin","Yönetim"
"Advanced Admin Section","Gelişmiş Yönetici Bölümü"
"Advanced Profiles","Gelişmiş Profiller"
"Advanced Section","Gelişmiş Bölüm"
"After authorization application will have access to you account.","Yetkilendirme uygulamasından sonra hesabınıza giriş yapmalısınız."
"All","Tümü"
"All Allowed Countries","İzin verilen Tüm ülkeler"
"All Cache","Tüm Ön Bellek"
"All Files","Bütün Dosyalar"
"All Reviews","Tüm Yorumlar"
"All Store Views","Tüm Mağaza Görünümleri"
"All Tags","Tüm Etiketler"
"All Websites","Tüm Websiteler"
"All countries","Tüm ülkeler"
"All fields","Tüm alanlar"
"All possible rates were fetched, please click on ""Save"" to apply","Kullanılabilir bütün oranlar alındı, ""Kaydet"" tuşuna basarak uygulayabilirsiniz"
"All rates were fetched, please click on ""Save"" to apply","Bütün oranlar getirildi, ""Kaydet"" tuşuna basarak uygulayabilirsiniz"
"All valid rates have been saved.","Bütün geçerli oranlar kaydedildi."
"Always (during development)","Herzaman (Geliştirme esnasında)"
"Amounts","Tutarlar"
"An error has occured while syncronizing media storages.","Medya depolama alanlarının eşlemesinde bir hata meydana geldi."
"An error occurred while clearing the JavaScript/CSS cache.","JavaScript/CSS ön belleği temizlenirken bir hata meydana geldi."
"An error occurred while clearing the image cache.","Resim ön belleği temizlenirken bir hata meydana geldi."
"An error occurred while deleting URL Rewrite.","URL yeniden yazım silinirken bir hata meydana geldi."
"An error occurred while deleting email template data. Please review log and try again.","E-posta şablon verisi silinirken bir hata meydana geldi. Lütfen logları gözden geçirip tekrar deneyiniz."
"An error occurred while deleting record(s).","Kayıt(lar) silinirken bir hata meydana geldi."
"An error occurred while deleting this role.","Bu rol silinirken bir hata meydana geldi."
"An error occurred while deleting this set.","Bu ayar silinirken bir hata meydana geldi."
"An error occurred while deleting this template.","Bu şablon silinirken bir hata meydana geldi."
"An error occurred while finishing process. Please refresh the cache","İşlem sonlandırılırken bir hata meydana geldi. Ön Belleği yenileyiniz"
"An error occurred while rebuilding the CatalogInventory Stock Status.","Envanter Stok Durumu yeniden oluşturulurken bir hata meydana geldi."
"An error occurred while rebuilding the catalog index.","Katalog indeksi yeniden oluşturulurken bir hata meydana geldi."
"An error occurred while rebuilding the flat catalog category.","Sabit kategori indeksi oluşturulurken bir hata meydana geldi."
"An error occurred while rebuilding the flat product catalog.","Sabit ürün indeksi oluşturulurken bir hata meydana geldi."
"An error occurred while rebuilding the search index.","Arama indeksi oluşturulurken bir hata meydana geldi."
"An error occurred while refreshing the Catalog Rewrites.","Katalog Adres Yeniden Yazımı yenilenirken bir hata meydana geldi."
"An error occurred while refreshing the Layered Navigation indices.","Katmanlı Gezinme indisleri yenilenirken bir hata meydana geldi."
"An error occurred while refreshing the catalog rewrites.","Katalog Adres Yeniden Yazımı yenilenirken bir hata meydana geldi."
"An error occurred while refreshing the layered navigation indices.","Katmanlı Gezinme indisleri yenilenirken bir hata meydana geldi."
"An error occurred while saving URL Rewrite.","URL yeniden yazım kaydedilirken bir hata meydana geldi."
"An error occurred while saving account.","Hesap kaydedilirken bir hata meydana geldi."
"An error occurred while saving review.","Yorum kaydedilirken bir hata meydana geldi."
"An error occurred while saving the customer.","Müşteri kaydedilirken bir hata meydana geldi."
"An error occurred while saving this configuration:","Bu yapılandırma kaydedilirken bir hata meydana geldi:"
"An error occurred while saving this role.","Bu rol kaydedilirken bir hata meydana geldi."
"An error occurred while saving this template.","Bu şablon kaydedilirken bir hata meydana geldi."
"An error occurred while updating the selected review(s).","Seçili yorumlar güncellenirken bir hata meydana geldi."
"Any","Herhangi biri"
"Any Attribute Set","Herhangi bir Özellik Seti"
"Any Group","Herhangi bir Grup"
"Any Status","Herhangi bir Durum"
"Any Store","Herhangi bir Mağaza"
"Any Type","Herhangi bir Tip"
"Any Visibility","Herhangi bir Görünüm"
"Any data created since the backup was made will be lost including admin users, customers and orders.","Yedekleme esnasında oluşan yeni veriler yedeklemeye dahil olmayacaktır."
"Archive file name:","Arşiv Dosyasının İsmi"
"Are you sure that you want to delete this template?","Bu şablonu silmek istediğinizden emin misiniz?"
"Are you sure that you want to strip tags?","Etiketleri uzatmak istediğinizden emin misiniz?"
"Are you sure you want to do this?","Bu işlemi yapmak istediğinizden emin misiniz?"
"Are you sure you want to proceed?","Bu işlemi yapmak istediğinizden emin misiniz?"
"Area","Bölge"
"As low as:","En düşük:"
"Assigned","Atandı"
"Associated Tags","İlişkili Etiketler"
"Attribute Set Name:","Özellik Seti Adı:"
"Attributes","Özellikler"
"Authorization confirmed","Yetki doğrulandı"
"Authorize","Yetkilendir"
"Authorize application","Uygulamayı yetkilendir"
"Authorized OAuth Tokens","Onaylanmış Oauth Anahtarları"
"Automatic (equalize price ranges)","Otomatik (fiyat aralıklarını eşitle)"
"Automatic (equalize product counts)","Otomatik (ürün sayılarını eşitle)"
"Average Order Amount","Ortalama Sipariş Tutarı"
"Average Orders","Ortalama Siparişler"
"BINARY","İKİLİ"
"Back","Geri"
"Back to Login","Giriş Sayfasına Dön"
"Backup","Yedek"
"Backup Name","Yedek Adı"
"Backup options","Yedekleme seçenekleri"
"Backups","Yedekler"
"Base currency","Ana Para Birimi"
"Bcc","Bcc"
"Bestsellers","En çok Satanlar"
"Billing Address","Fatura Adresi"
"Billing Address: ","Fatura Adresi: "
"Billing Agreement","Ödeme Sözleşmesi"
"Billing Agreements","Ödeme Sözleşmeleri"
"Block Information","Blok Bilgisi"
"Both (without and with tax)","İkisi (Vergisiz ve vergi dahil)"
"Both IPN and PDT","IPN ve PDT ile beraber"
"Browse Files...","Dosyalara Gözat..."
"Bundle with dynamic pricing cannot include custom defined options. Options will not be saved.","Dinamik fiyatlandırma ile ek ürün, özel seçenek olarak eklenemez. Seçenekler kaydedilmeyecek."
"CMS","CMS"
"CRITICAL","KRİTİK"
"CSV","CSV"
"CSV / Tab separated","CSV / Sekme ile ayrılmış"
"Cache Control","Ön Bellek Kontrolü"
"Cache Control (beta)","Ön Bellek Kontrolü (beta)"
"Cache Management","Ön Bellek Yönetimi"
"Cache Type","Ön Bellek Tipi"
"Cancel","İptal"
"Cannot add new comment.","Yeni açıklama eklenemiyor."
"Cannot add tracking number.","İzleme numarası eklenemiyor."
"Cannot create an invoice without products.","Ürünsüz fatura oluşturulamaz."
"Cannot create credit memo for the order.","Sipariş için iade kaydı oluşturulamadı."
"Cannot delete the design change.","Tasarım değişimi silinemedi."
"Cannot delete tracking number.","İzleme numarası silinemedi."
"Cannot do shipment for the order separately from invoice.","Sipariş için faturadan ayrı teslimat oluşturulamıyor."
"Cannot do shipment for the order.","Sipariş için teslimat oluşturulamadı."
"Cannot initialize shipment for adding tracking number.","İzleme numarası eklemek için kargo kaydı verisi okunamadı."
"Cannot initialize shipment for delete tracking number.","İzleme numarası silmek için kargo kaydı verisi okunamadı."
"Cannot load track with retrieving identifier.","Getirilen tanımlayıcı ile izleme yüklenemedi."
"Cannot retrieve tracking number detail.","İzleme numarası detayı alınamadı."
"Cannot save shipment.","Teslimat kaydedilemedi."
"Cannot save the credit memo.","İade kaydı kaydedilemedi."
"Cannot send shipment information.","Teslimat bilgisi gönderilemedi."
"Cannot update item quantity.","Ürün adedi güncellenemedi."
"Cannot update the item\'s quantity.","Ürün adedi güncellenemedi."
"Catalog","Katalog"
"Catalog Price Rules","Katalog Fiyat Kuralları"
"Catalog Rewrites","Katalog Yeniden Yazımı"
"Categories","Kategoriler"
"Category","0"
"Category:","Kategori:"
"Chart is disabled. If you want to enable chart, click <a href=""%s"">here</a>.","Grafik iptal edildi. Açmak için, <a href=""%s"">buraya tıklayınız</a>."
"Checkbox","Onay Kutusu"
"Child Transactions","Alt İşlemler"
"Choose Store View:","Mağaza Görünümünü Seçiniz:"
"Choose an attribute","Bir Ürün Özelliği Seçiniz"
"Chosen category does not associated with any website, so url rewrite is not possible.","Seçtiğiniz kategori hiç bir web sitesi ile ilişkilendirilmemiştir, url yeniden adres yazımı yapılamaz."
"Chosen product does not associated with any website, so url rewrite is not possible.","Seçtiğiniz ürün hiç bir web sitesi ile ilişkilendirilmemiştir, url yeniden adres yazımı yapılamaz."
"Clear","Temizle"
"Close","Kapat"
"Comment text field cannot be empty.","Açıklama alanı boş bırakılamaz."
"Complete","Tamamlandı"
"Config form fieldset clone model required to be able to clone fields","Yapılandırma formu alanseti klonu modeli, alanları klon edebilmek için gereklidir."
"Configuration","Yapılandırma"
"Confirm New Password","Yeni Şifreyi Onayla"
"Confirm token authorization Pop Up for admin","Yönetici için yetkilendirme popup sayfası anahtarı onayla"
"Confirm token authorization for admin","Yönetim için doğrulama işaretini onaylayın"
"Confirmation Of Authorization","Yetki Doğrulama"
"Confirmed email:","E-posta Onaylandı:"
"Connect with the Magento Community","Magento Topluluğuna Bağlanın"
"Continue","Devam et"
"Convert to Plain Text","Düz yazıya çevir"
"Cookie (unsafe)","Cookie (Güvenli Değil)"
"Country","Ülke"
"Country:","Ülke:"
"Coupons","Kuponlar"
"Create","Oluştur"
"Create DB Backup","Veritabanı Yedeği Oluştur"
"Create New Attribute","Yeni Ürün Özellik Oluştur"
"Create URL Rewrite:","URL yeniden yazım ekle:"
"Created At","Oluşturulduğu Tarih"
"Credit Card %s","Kredi Kartı %s"
"Credit Memo History","İade Kaydı Geçmişi"
"Credit Memo Totals","İade Kaydı Toplamları"
"Credit Memos","İade Kayıtları"
"Credit memo #%s comment added","İade kaydı #%s açıklama eklendi"
"Credit memo #%s created","İade kaydı #%s oluşturuldu"
"Credit memo\'s total must be positive.","İade kaydının toplamı pozitif değer olmalıdır."
"Currency","Para Birimi"
"Currency ""%s"" is used as %s in %s.","""%s"" dövizi %s olarak %s içinde kullanıldı."
"Currency Information","Para Birimi Bilgisi"
"Currency Setup Section","Para Birimi Ayarları Bölümü"
"Current Configuration Scope:","Mevcut Yapılandırma Kapsamı:"
"Current Month","Bu Ay"
"Custom","Özel"
"Custom Variable ""%s""","Özel Değişken ""%s"""
"Custom Variables","Özel Değişkenler"
"Customer","Müşteri"
"Customer Group:","Müşteri Grubu:"
"Customer Groups","Müşteri Grupları"
"Customer Name","Müşteri Adı"
"Customer Reviews","Müşteri Yorumları"
"Customer Shopping Carts","Müşteri Alışveriş Sepetleri"
"Customer Since:","Müşteri Geçmişi:"
"Customer Tax Classes","Müşteri Vergi Sınıfları"
"Customer with the same email already exists.","Aynı e-posta adresi ile kayıtlı bir müşteri zaten mevcut."
"Customers","Müşteriler"
"Customers by Number of Orders","Sipariş Sayısına Göre Müşteriler"
"Customers by Orders Total","Sipariş Toplamına göre Müşteriler"
"DHTML Date/Time Selector","DHTML Tarih/Saat seçici"
"Dashboard","Panel"
"Data Format","Veri Biçimi"
"Data transfer:","Veri Aktarımı:"
"Database","Veritabanı"
"Dataflow - Advanced Profiles","Veri Akışı - Gelişmiş Profiller"
"Dataflow - Profiles","Veri Akışı - Profiller"
"Date","Tarih"
"Date & Time","Tarih & Saat"
"Date Added","Eklenme Tarihi"
"Date Updated","Güncelleme Tarihi"
"Date selection:","Tarih Seçimi:"
"Date selector","Tarih Seçici"
"Day","Gün"
"Decimal separator:","Ondalık Ayracı:"
"Default (Admin) Values","Varsayılan (Yönetici) Değerleri"
"Default Billing Address","Varsayılan Fatura Adresi"
"Default Config","Varsayılan Yapılandırma"
"Default Template from Locale","Yerel Varsayılan Tema"
"Default Values","Varsayılan Değerler"
"Default display currency ""%s"" is not available in allowed currencies.","Varsayılan para birimi ""%s"", izin verilen para birimleri arasında mevcut değil."
"Default scope","Varsayılan Kapsam"
"Delete","Sil"
"Delete %s","%s Sil"
"Delete %s '%s'","%s '%s' Sil"
"Delete File","Dosya Sil"
"Delete Image","Resim Sil"
"Delete Profile","Profili Sil"
"Delete Role","Yetki Sınıfı Sil"
"Delete Store","Mağazayı Sil"
"Delete Store View","Mağaza Gorunumünü Sil"
"Delete Template","Şablonu Sil"
"Delete User","Kullanıcıyı Sil"
"Delete Website","Websitesini Sil"
"Description","Açıklama"
"Design","Tasarım"
"Design Section","Tasarım Bölümü"
"Details","Detaylar"
"Developer Section","Geliştirici Bölümü"
"Direction:","Yön:"
"Disable","İptal et"
"Disabled","Kapalı"
"Display %s first","Önce %s Göster"
"Display default currency","Ana para birimini göster"
"Distributed under GNU LGPL. See %s for details.","GNU LGPL Lisansıyla dağıtılmaktadır. Detaylar için %s."
"Do you really want to KILL parallel process and start new indexing process?","Parallel çalışan indeks işlemini durdurmak ve yeniden çalıştırmak istediğinizden emin misiniz?"
"Do you really want to proceed?","Bu işleme devam etmek istediğinizden emin misiniz?"
"Download","indir"
"Downloads","İndirmeler"
"Drag to move","Taşımak için sürükleyiniz"
"Drop-down","Açılır Menü"
"Edit","Düzenle"
"Edit Design Change","Tasarım Değişimini Düzenle"
"Edit Email Template","E-posta Temasını Düzenle"
"Edit Order","Siparişi Düzenle"
"Edit Poll","Anketi Düzenle"
"Edit Queue","Kuyruğu Düzenle"
"Edit Review","Yorumu Düzenle"
"Edit Role","Yetki Sınıfı Düzenle"
"Edit Store View","Mağaza Görünümünü Düzenle"
"Edit System Template","Sistem Şablonunu Düzenle"
"Edit Template","Şablonu Düzenle"
"Edit URL Rewrite","URL yeniden yazımı Düzenle"
"Edit User","Kullanıcı Düzenle"
"Edit User '%s'","Kullanıcı Düzenle '%s'"
"Edit Website","Websitesini Düzenle"
"Email","E-posta"
"Email Address:","E-posta Adresi:"
"Email Preview","E-posta Önizleme"
"Email to a Friend","Arkadaşına Gönder"
"Email:","E-posta:"
"Enable","Aktif et"
"Enabled","Aktif edildi"
"Enclose Values In:","Değerleri Birleştir:"
"Entity Attributes","Varlık Özellikleri"
"Entity Type","Varlık Tipi"
"Entity type:","Varlık Tipi:"
"Error","Hata"
"Excel XML","Excel XML"
"Excl. Tax","Vergi Hariç"
"Exclude media folder from backup","Media klasörünü yedekten hariç tut"
"Export","Dışarı Çıkart"
"Export CSV","CSV Veri Dışarı Çıkar"
"Export Filters","Veri Çıkarma Filtreleri"
"Export to:","Dışarı Çıkarılan:"
"Export:","Dışarı Çıkart:"
"FTP Host","FTP Sunucu"
"FTP Host[:Port]","FTP Sunucu[:Port]"
"FTP Login","FTP Kullanıcı Adı"
"FTP Password","FTP Şifre"
"FTP credentials","FTP bilgileri"
"Failed","tamamlanamadı"
"Failed to add a product to cart by id ""%s"".","Sepete ürün numarası ile ürün eklenirken bir hata meydana geldi: ""%s""."
"Failed to cancel the billing agreement.","Ödeme sözleşmesi iptal edilemedi."
"Failed to clear the JavaScript/CSS cache.","JavaScript/CSS ön belleği temizlenirken br hata meydana geldi."
"Failed to delete the billing agreement.","Ödeme sözleşmesi silinirken bir hata meydana geldi."
"Failed to update the profile.","Profil güncellenirken bir hata meydana geldi."
"Field","Alan"
"Field Mapping","Alan Eşleştirme"
"File","Dosya"
"File Information","Dosya Bilgisi"
"File System","Dosya Sistemi"
"File mode","Dosya kipi"
"File name:","Dosya Adı:"
"File size should be more than 0 bytes","Dosya boyutu 0 byte tan büyük olmalı"
"Finished profile execution.","Profil çalıştırma tamamlandı."
"First Invoice Created Date","İlk Fatura Oluşturulma Tarihi"
"First Name","Adı:"
"First Name is required field.","Ad alanı boş bırakılamaz."
"First Name:","Adı:"
"Fixed","Sabit"
"Flush Catalog Images Cache","Katalog Resimleri Ön Belleğini Temizle"
"Flush JavaScript/CSS Cache","JavaScript/CSS Ön Belleğini Temizle"
"For category","Kategori için"
"For latest version visit: %s","Son sürümü için: %s"
"For product","Ürün için"
"Forgot Admin Password","Yönetici Şifremi Unuttum"
"Forgot your password?","Şifrenizi mi Unuttunuz?"
"Forgot your user name or password?","Kullanıcı adı veya şifrenizi mi unuttunuz?"
"From","Baş"
"GLOBAL","Global"
"Gb","Gb"
"General Information","Genel Bilgi"
"General Section","Genel Bölüm"
"Get Image Base64","Base64 Resim Al"
"Get help for this page","Bu sayfa hakkında yardım al"
"Give the verifier code to application administrator","Uygulama yöneticisine onaylama kodu ver"
"Global Attribute","Genel Ürün Özelliği"
"Global Record Search","Genel Kayıt Arama"
"Global Search","Genel Arama"
"Go Today","Bugüne Git"
"Go to messages inbox","Mesaj Kutusuna Git"
"Go to notifications","Bildirimlere git"
"Google Base","Google Base"
"Google Sitemaps","Google Site Haritaları"
"Grand Total","Genel Toplam"
"Grid (default) / List","Izgara (varsayılan) / Liste"
"Grid Only","Sadece Izgara"
"Group:","Grup:"
"Guest","Misafir"
"HTTP (unsecure)","HTTP (güvenli olmayan)"
"HTTPS (SSL)","HTTPS (SSL)"
"Help Us Keep Magento Healthy - Report All Bugs","Magento 'nun sağlıklı çalışması için bize yardımcı olunuz - Tüm Hataları Rapor Edin"
"Helper attributes should not be used in custom layout updates.","Yardımcı özellikleri özel tema değişikliklerinde kullanılmamalıdır."
"Helper for options rendering doesn't implement required interface.","Seçenekler için tanımlanan ""Helper"" gerekli olan arayüze uyarlanamıyor."
"Home","Ana Sayfa"
"ID","No"
"ID Path","ID Yolu"
"IP Address","IP Adres"
"IPN (Instant Payment Notification) Only","Sadece IPN (Anında Ödeme Bildirimi)"
"If there is an account associated with %s you will receive an email with a link to reset your password.","%s ile bağlantılı bir hesap varsa şifrenizi sıfırlamanız için size bir e-posta gönderilecek."
"If this message persists, please contact the store owner.","Bu mesajı almaya devam ederseniz site yetkilileri ile bağlantı kurunuz."
"If you do not specify an option value for a specific store view then the default (Admin) value will be used.","Belirlenen mağaza için bir seçenek değeri tanımlanmamışsa, varsayılan (Yönetici) değeri kullanılacak."
"Images (.gif, .jpg, .png)","Resimler (.gif, .jpg, .png)"
"Images Cache","Resim Ön Belleği"
"Import","İçeri Aktar"
"Import Service","İçeri Aktarma Hizmeti"
"Import and Export","İçeri Aktarma ve Dışarı Çıkarma"
"Import and Export Tax Rates","Vergi Oranlarını Al ve Ver"
"Import/Export","İçeri Aktarma/Dışarı Çıkarma"
"Import/Export Advanced","Gelişmiş Veri Al/Ver"
"Import/Export Profile","İçeri Aktarma/Dışarı Çıkarma Profili"
"Important: ","Önemli: "
"Imported <strong>%s</strong> records","<strong>%s</strong> kayıt dışarı aktarıldı"
"In","İçinde"
"In Database:","Veritabanında:"
"In File:","Dosyada:"
"Inactive","Pasif"
"Incl. Tax","Vergi Dahil"
"Incoming Message","Gelen Mesaj"
"Insert Variable...","Değişken ekle..."
"Interactive","Etkileşimli"
"Interface Locale: %s","Arayüz Dili: %s"
"Invalid Form Key. Please refresh the page.","Hatalı Form Anahtarı. Lütfen sayfayı yenileyiniz."
"Invalid Import Service Specified","Hatalı veri alma servisi tanımlandı"
"Invalid POST data (please check post_max_size and upload_max_filesize settings in your php.ini file).","Hatalo POST verisi (Lütfen  php.ini dosyasındaki post_max_size ve upload_max_filesize ayarlarını kontrol ediniz)."
"Invalid Secret Key. Please refresh the page.","Geçersiz Gizli Anahtar. Lütfen sayfayı yenileyiniz."
"Invalid User Name or Password.","Hatalı Kullanıcı Adı veya Şifre."
"Invalid directory: %s","Hatalı Klasör: %s"
"Invalid email address ""%s"".","Hatalı e-posta adresi ""%s""."
"Invalid email address.","Hatalı e-posta adresi."
"Invalid file: %s","Hatalı Dosya: %s"
"Invalid input data for %s => %s rate"," %s için hatalı giriş verisi => %s oran"
"Invalid parent block for this block","Bu blok için hatalı ana blok"
"Invalid parent block for this block.","Bu blok için hatalı ana blok."
"Invalid password reset token.","Şifre sıfırlama anahtar kelimesi hatalı."
"Invalid sender name ""%s"". Please use only visible characters and spaces.","Gönderici Adı hatalı ""%s"". Lütfen görünür karakterler ve boşluk dışında karakter kullanmayınız."
"Invalid timezone","Hatalı zaman dilimi"
"Invalidated","Geçersiz"
"Inventory Stock Status","Envanter Stok Durumu"
"Invoice #%s comment added"," #%s numaralı fatura için açıklama eklendi"
"Invoice #%s created","#%s numaralı fatura oluşturuldu"
"Invoice History","Fatura Geçmişi"
"Invoice Totals","Fatura Toplamları"
"Invoice canceling error.","Fatura iptal etme hatası."
"Invoice capturing error.","Fatura tahsil etme hatası."
"Invoice voiding error.","Fatura iptal hatası."
"Invoices","Faturalar"
"Is Closed","Kapatıldı"
"Is Default","Varsayılan"
"Issue Number","İşlem Numarası"
"Items","Ürünler"
"JavaScript seems to be disabled in your browser.","Tarayıcınızda, Javascript Özelliği kapatılmış olarak görünmektedir."
"JavaScript/CSS","JavaScript/CSS"
"JavaScript/CSS Cache","JavaScript/CSS Ön Belleği"
"Kb","Kb"
"Last 24 Hours","Son 24 Saat"
"Last 5 Orders","Son 5 Sipariş"
"Last 5 Search Terms","Son 5 Aranan Kelime"
"Last 7 Days","Son 7 Gün"
"Last Credit Memo Created Date","Son İade Kaydı Oluşturulma Tarihi"
"Last Invoice Created Date","Son Fatura Oluşturulma Tarihi"
"Last Logged In (%s):","Son Giriş (%s):"
"Last Logged In:","Son Giriş:"
"Last Name","Soyadı"
"Last Name is required field.","Soyadı alanı zorunlu alandır."
"Last Name:","Soyadı:"
"Last updated: %s. To refresh last day\'s <a href=""%s"">statistics</a>, click <a href=""%s"">here</a>.","Son güncellenme: %s. <a href=""%s"">İstatistikleri</a> son gününü güncellemek için , <a href=""%s"">buraya tıklayınız</a>."
"Latest Message:","Son Mesaj:"
"Layered Navigation Indices","Katmanlı Gezinme İndisleri"
"Layered Navigation Indices were refreshed.","Katmanlı Gezinme İndisleri güncellendi."
"Leave empty to use tax identifier","Vergi tanımlayıcısı kullanmak için boş bırakınız"
"Lifetime Sales","Ömürboyu Satışlar"
"Lifetime statistics have been updated.","Ömürboyu istatistikler güncellendi."
"Links","Bağlantılar"
"Links with associated products will retain only after saving current product.","Bu ürüne bağlı ürünlerin linkleri bu ürün kaydedildikten sonra sabitleşecektir."
"List (default) / Grid","Liste (varsayılan) / Izgara"
"List Only","Sadece Liste"
"Load Template","Şablon Yükle"
"Load default template","Varsayılan Şablonu Yükle"
"Loading...","Yükleniyor…"
"Local Server","Yerel Sunucu"
"Local/Remote Server","Yerel/Uzak Sunucu"
"Locale","Yerel"
"Log In","Giriş"
"Log Out","Çıkış"
"Log in to Admin Panel","Yönetici Paneline Giriş Yap"
"Log in to use <strong>%s</strong>","<strong>%s</strong> kullanmak için giriş yapınız"
"Log into Magento Admin Page","Magento Yönetm Paneline Giriş Yapın"
"Logged in as %s","%s olarak giriş yapıldı"
"Login","Login"
"Low Stock","Düşük Stok"
"MAJOR","BÜYÜK"
"MINOR","KÜÇÜK"
"MS Excel XML","MS Excel XML"
"Magento Admin","Magento Yönetici"
"Magento Commerce - Administrative Panel","Magento E-Ticaret - Yönetim Paneli"
"Magento Connect","Magento Eklenti"
"Magento Connect Manager","Magento Eklenti Yöneticisi"
"Magento Logo","Magento Logo"
"Magento is a trademark of Magento Inc. Copyright &copy; %s Magento Inc.","Magento&trade; Magento Inc. Firmasının tescilli markasıdır. Telif hakkı &copy; %s Magento Inc. Firmasınındır."
"Magento root directory","Magento Ana Dizini"
"Magento ver. %s","Magento sürüm. %s"
"Magento&trade; is a trademark of Magento Inc.<br/>Copyright &copy; %s Magento Inc.","Magento, Magento Inc. Firmasının tescilli markasıdır. <br/>Telif hakları &copy; %s Magento Inc. 'e aittir."
"Make sure that data encoding in the file is consistent and saved in one of supported encodings (UTF-8 or ANSI).","Dosyanın encoding tipinin doğru ayarlandığından ve kabul edilen tiplerden biri (UTF-8 veya ANSI) olduğundan emin olunuz."
"Manage Attribute Sets","Özellik Setlerini Yönet"
"Manage Attributes","Özellikleri Yönet"
"Manage Categories","Kategorileri Yönet"
"Manage Content","İçeriği Yönet"
"Manage Currency Rates","Döviz Kurlarını Yönet"
"Manage Customers","Müşterileri Yönet"
"Manage Options (values of your attribute)","Seçenekleri Yönet (özelliğindeki değerler)"
"Manage Ratings","Puanları Yönet"
"Manage Stores","Mağazaları Yönet"
"Manage Tax Rules","Vergi Kurallarını Yönet"
"Manage Tax Zones and Rates","Vergi Bölgelerini ve Oranlarını Yönet"
"Manage Titles (Size, Color, etc.)","Etiketleri Yönet (Boyut, Renk vb...)"
"Manual","Elle"
"Matched Expression","Eşleşen ifade"
"Maximum sender name length is 255. Please correct your settings.","En yüksek gönderici adı uzunluğu 255 karakterdir. Lütfen ayarlarınızı kontrol ediniz."
"Mb","Mb"
"Media (.avi, .flv, .swf)","Medya (.avi, .flv, .swf)"
"Media storages synchronization has completed!","Medya depolama alanlarının eşlemesi tamamlandı!"
"Messages Inbox","Mesaj Gelen Kutusu"
"Month","Ay"
"Most Viewed","En çok Görülen"
"Most Viewed Products","En Çok İzlenen Ürünler"
"Multiple Select","Çoklu Seçim"
"My Account","Hesabım"
"My Applications","Uygulamalarım"
"N/A","Mevcut Değil"
"NOTICE","BİLGİ"
"Name","Adı"
"Name:","Adı:"
"Never (production)","Asla (site gerçek yayındayken)"
"New ","Yeni "
"New API Key","Yeni API Anahtarı"
"New Accounts","Yeni Hesaplar"
"New Attribute","Yeni Özellik"
"New Block","Yeni Blok"
"New Category","Yeni Kategori"
"New Class","Yeni Sınıf"
"New Condition","Yeni Koşul"
"New Custom Variable","Yeni Özel Değişken"
"New Customer","Yeni Müşteri"
"New Customers","Yeni Müşteriler"
"New Design Change","Yeni Tasarım Değişimi"
"New Email Template","Yeni E-posta Şablonu"
"New Group","Yeni Grup"
"New Invoice","Yeni Fatura"
"New Item Type","Yeni Ürün Tipi"
"New Memo","Yeni İade Kaydı"
"New Memo for #%s","#%s için İade Kaydı Ekle"
"New Page","Yeni Sayfa"
"New Password","Yeni Şifre"
"New Poll","Yeni Anket"
"New Profile","Yeni Profil"
"New Rate","Yeni Oran"
"New Rating","Yeni Puanlama"
"New Review","Yeni Yorum"
"New Role","Yeni Yetki Sınıfı"
"New Rule","Yeni Kural"
"New Search","Yeni Arama"
"New Set","Yeni Set"
"New Shipment","Yeni Teslimat"
"New Sitemap","Yeni Site Haritası"
"New Store View","Yeni Mağaza Görünümü"
"New System Template","Yeni Sistem Şablonu"
"New Tag","Yeni Etiket"
"New Template","Yeni Şablon"
"New User","Yeni Kullanıcı"
"New Variable","Yeni Değişken"
"New Website","Yeni Web Sitesi"
"New password field cannot be empty.","Yeni şifre alanı boş geçilemez."
"Newsletter","Bülten"
"Newsletter Problems","Duyuru Problemleri"
"Newsletter Queue","Duyuru Kuyruğu"
"Newsletter Subscribers","Duyuru Aboneleri"
"Newsletter Templates","Duyuru Temaları"
"Next month (hold for menu)","Sonraki Ay (menü için basılı tutunuz)"
"Next year (hold for menu)","Sonraki yıl (menü için basılı tutunuz)"
"No","Hayır"
"No (price without tax)","Hayır (vergi hariç fiyat)"
"No Data Found","Veri Bulunamadı"
"No Templates Found","Şablon bulunamadı."
"No change","Değişiklik Yok"
"No customer id defined.","Müşteri numarası ayarlanmadı."
"No information available.","Bilgi yok."
"No profile loaded...","Profil yüklenmedi..."
"No records found for this period.","Belirtilen aralıkta kayıt bulunamadı."
"No records found.","Kayıt bulunamadı."
"No report code specified.","Rapor kodu belirtilmedi."
"No search keywords.","Aranan kelime yok."
"No search modules were registered","Hiç arama modülü kaydedilmedi"
"No wishlist item id defined.","Herhangi bir takip listesi ürünü tanımlanmadı."
"None","Yok"
"Note:","Not:"
"Notes","Notlar"
"Notifications","Bildirimler"
"Number of Orders","Sipariş Sayısı"
"Number of Uses","Kullanım Sayısı"
"Number of Views","Gösterim Sayısı"
"Number of records:","Kayıt sayısı:"
"OAuth Consumers","OAuth Alıcıları"
"OAuth authorization for admin","Yönetim için OAuth kimlik onayı"
"OAuth authorization simple for admin","Yönetim için basit OAuth kimlik onayı"
"OK","TAMAM"
"Old rate:","Eski oran:"
"Once you log into your PayPal Advanced account, navigate to the Service Settings - Hosted Checkout Pages - Set Up menu and set the options described below","PayPal Advanced hesabınıza giriş yaptığınızda, aşağıda açıklanmış Servis Ayarları - Uzaktan Alışveriş Sayfaları - Menu Oluşturma ve seçenek ayarlarına yönlendirileceksiniz."
"Once you log into your PayPal Payflow Link account, navigate to the Service Settings - Hosted Checkout Pages - Set Up menu and set the options described below","PayPal Payflow Link hesabınıza giriş yaptığınızda, aşağıda açıklanmış Servis Ayarları - Uzaktan Alışveriş Sayfaları - Menu Oluşturma ve seçenek ayarlarına yönlendirileceksiniz."
"One or more media files failed to be synchronized during the media storages syncronization process. Refer to the log file for details.","Bir veya daha fazla medya dosyası eşleştirilemedi. Detayları için log dosyasına bakınız."
"One or more of the Cache Types are invalidated:","Bir veya daha fazla ön bellek tipi geçersiz:"
"Online Customers","Çevrimiçi Müşteriler"
"Only Once (version upgrade)","Sadece bir kez (versiyon güncelleme)"
"Only attributes with scope ""Global"", input type ""Dropdown"" and Use To Create Configurable Product ""Yes"" are available.","Sadece ""Global"" havuzundaki özellikler ile giriş tipi ""Açılır Menü"" ve Ayarlanabilir Ürün Eklemede Kullan ""Evet"" uygundur."
"Only mapped fields","Sadece eşleşmiş alanlar"
"Optional","Opsiyonel"
"Options","Seçenekler"
"Options is required","Seçenekler zorunludur"
"Order","Sipariş"
"Order #%s","Sipariş #%s"
"Order #%s (%s)","Sipariş #%s (%s)"
"Order Created Date","Sipariş Oluşturulma Tarihi"
"Order ID","Sipariş No"
"Order Totals","Sipariş Toplamları"
"Order Updated Date","Sipariş Güncellenme Tarihi"
"Order Updated Date report is real-time, does not need statistics refreshing.","Sipariş Güncellenme Tarihi raporu gerçek zamanlı bir rapordur ve güncelleme yapmanıza gerek yoktur."
"Orders","Siparişler"
"Original Magento attribute names in first row:","İlk satırda Orjinal Magento özellik adları:"
"Out of stock","Stok mevcut değil"
"PDT (Payment Data Transfer) Only","Sadece PDT (Ödeme Veri Transferi)"
"Package Extensions","Paket Eklentileri"
"Pages","Sayfalar"
"Parent Product Thumbnail","Ana Ürün Küçük Resmi"
"Parent Transaction ID","Üst İşlem Numarası"
"Passive mode","Pasif Kip"
"Password","Şifre"
"Password Confirmation","Şifre (Tekrar)"
"Password confirmation must be same as password.","Girilen iki şifre aynı olmalıdır."
"Password must be at least of %d characters.","Şifre en az %d karakter olmalıdır."
"Password must include both numeric and alphabetic characters.","Şifre hem harf hem rakam içermelidir."
"Password:","Şifre:"
"Path:","Dosya Yolu:"
"Payment method instance is not available.","Tahsilat yöntemi örneği bulunamadı."
"Payment method is not available.","Tahsilat yöntemi kullanımıyor."
"Payment method must be specified.","Tahsilat yöntemi tanımlanamadı."
"Pending Reviews","Bekleyen yorumlar"
"Pending Tags","Bekleyen Etiketler"
"Per Item","Ürün Başı"
"Per Order","Sipariş başına"
"Percent","Yüzde"
"Performed At","Yapılan"
"Period","Periyod"
"Permanent (301)","Kalıcı (301)"
"Permissions","Yetkiler"
"Personal Information","Kişisel Bilgi"
"Phone:","Telefon:"
"Please Select","Lütfen seçiniz"
"Please confirm site switching. All data that hasn\'t been saved will be lost.","Site geçişini onaylayınız. Kaydetmediğiniz tüm veriler kaybolacaktır."
"Please enter 6 or more characters.","Lütfen 6 veya daha fazla karakter giriniz."
"Please enter a number greater than 0 in this field.","Lütfen bu alana sıfırdan büyük bir değer giriniz."
"Please enter a valid $ amount. For example $100.00.","Lütfen geçerli bir TL tutar giriniz. Örnek: 100 TL"
"Please enter a valid URL. For example http://www.example.com or www.example.com","Lütfen geçerli bir URL giriniz. Örnek:  http://www.abc.com veya www.abc.com"
"Please enter a valid URL. http:// is required","Lütfen geçerli bir URL giriniz. http:// gereklidir"
"Please enter a valid credit card number.","Lütfen geçerli bir kredi kartı numarası giriniz."
"Please enter a valid date.","Lütfen geçerli bir tarih giriniz."
"Please enter a valid email address. For example johndoe@domain.com.","Lütfen geçerli bir e-posta adresi giriniz. Örnek: ayse@abc.com."
"Please enter a valid email.","Lütfen geçerli bir e-posta adresi giriniz."
"Please enter a valid number in this field.","Lütfen geçerli bir sayı giriniz."
"Please enter a valid phone number. For example (123) 456-7890 or 123-456-7890.","Lütfen geçerli bir telefon numarası giriniz. Örnek: (123) 456-7890 veya 123-456-7890."
"Please enter a valid social security number. For example 123-45-6789.","Lütfen geçerli bir sosyal güvenlik numarası giriniz. Örnek 123-45-6789."
"Please enter a valid value from list","Lütfen listeden geçerli bir değer giriniz"
"Please enter a valid value, ex: 10,20,30","Lütfen geçerli bir değer giriniz, ör: 10,20,30"
"Please enter a valid zip code.","Lütfen geçerli bir posta kodu giriniz."
"Please enter a valid zip code. For example 90602 or 90602-1234.","Lütfen geçerli bir posta kodu giriniz. Örnek: 34000"
"Please enter another credit card number to complete your purchase.","Lütfen siparişi tamamlamak için başka bir kredi kartı kullanınız."
"Please enter password","Lütfen şifre giriniz"
"Please enter password to confirm rollback.","Lütfen işlem geri almayı onaylamak için şifrenizi giriniz."
"Please enter valid password.","Lütfen geçerli bir şifre giriniz"
"Please make sure that all global admin search modules are installed and activated.","Lütfen bütün genel yönetici taraflı arama modüllerinin yüklü olduğundan emin olunuz."
"Please make sure that your changes were saved before running the profile.","Lütfen profil çalıştırılmadan önce değişikliklerin kaydedildiğinden emin olunuz."
"Please make sure your passwords match.","Şifrelerinizin aynı olduğundan emin olunuz."
"Please select State/Province.","Lütfen Şehir seçiminizi yapınız."
"Please select a customer.","Lütfen bir müşteri seçiniz."
"Please select a store.","Lütfen bir mağaza seçiniz."
"Please select an option.","Lütfen seçeneklerden birini seçiniz."
"Please select catalog searches.","Lütfen katalog aramalarını seçiniz."
"Please select customer(s).","Lütfen müşteri(leri) seçiniz."
"Please select message(s).","Lütfen mesaj(lar)ı seçiniz."
"Please select one of the above options.","Lütfen yukarıdaki seçeneklerden birini seçiniz."
"Please select one of the options.","Lütfen seçeneklerden birini seçiniz."
"Please select review(s).","Lütfen yorumları seçiniz."
"Please select tag(s).","Lütfen etiket(ler)i seçiniz."
"Please specify backup creation options","Yedek oluşturma seçeneklerini belirleyiniz"
"Please specify the admin custom URL.","Lütfen özel yönetim sayfası URL si belirleyiniz."
"Please try to logout and sign in again.","Lütfen sistemden çıkış yapıp tekrar giriniz."
"Please type the letters from the image:","Lütfen resimdeki harfleri yazınız:"
"Please use in this field only ""a-z,0-9,_"".","Lütfen bu alanda sadece ""a-z,0-9,_"" aralığındaki karakterleri kullanınız ."
"Please use letters only (a-z) in this field.","Lütfen bu alanda sadece harfleri (a-z)  kullanınız."
"Please use numbers only in this field. Please avoid spaces or other characters such as dots or commas.","Lütfen bu alanda sadece sayı kullanınız.  Boşluk ve diğer karakterler kabul edilmemektedir."
"Please use only letters (a-z or A-Z), numbers (0-9) or spaces in this field.","Bu alanda sadece harfler (a-z or A-Z), rakamlar (0-9) veya boşluk kullanınız."
"Please use only letters (a-z) or numbers (0-9) only in this field. No spaces or other characters are allowed.","Lütfen bu alanda sadece harfler (a-z) veya rakamlar (0-9) kullanınız. Boşluk ve diğer karakterler kabul edilmemektedir."
"Please use only letters (a-z) or numbers (0-9) or spaces and # only in this field.","Lütfen bu alanda sadece harfler (a-z), rakamlar (0-9), boşluklar ve # karakteri kullanınız."
"Please use this date format: dd/mm/yyyy. For example 17/03/2006 for the 17th of March, 2006.","Lütfen tarihleri gg/aa/yyyy biçiminde giriniz. Örnek 17 Mart 2006 için 17/03/2006"
"Please wait while the indexes are being refreshed.","Lütfen indeksler yenilenirken bekleyiniz."
"Please wait, loading...","Lütfen bekleyiniz, yükleniyor..."
"Please wait...","Lütfen bekleyiniz…"
"Please, add some answers to this poll first.","Lütfen öncelikle bu ankete cevaplarınızı ekleyiniz."
"Please, select ""Visible in Stores"" for this poll first.","Lütfen, bu anket için öncelikle ""Mağazalarda Görünürlük"" değerini seçiniz."
"Poll Manager","Anket Yönetimi"
"Polls","Anketler"
"Popular","Popüler"
"Position","Konum"
"Position of Watermark for %s","%s için Kopya Koruma yeri"
"Pregenerated product images files.","Önceden oluşturulmuş ürün resim dosyaları."
"Prev. month (hold for menu)","Önceki Ay (menü için basılı tutunuz)"
"Prev. year (hold for menu)","Önceki Yıl (menü için basılı tutunuz)"
"Preview","Önizleme"
"Preview Template","Şablon Önizleme"
"Price","Fiyat"
"Price alert subscription was saved.","Ürün fiyat alarmı aboneliği yapıldı."
"Price:","Fiyat:"
"Processed <strong>%s%% %s/%d</strong> records","<strong>%s%% %s/%d</strong> kayıt işlendi"
"Product","Ürün"
"Product Name","Ürün Adı"
"Product Reviews","Ürün Yorumları"
"Product Tax Classes","Ürün Vergi Sınıfları"
"Product Thumbnail Itself","Ürün Küçük Resmi"
"Product is not loaded.","Ürün yüklenemedi."
"Product:","Ürün:"
"Products","Ürünler"
"Products Bestsellers Report","En çok Satılan Ürünler Raporu"
"Products Most Viewed Report","En çok Görülen Ürünler Raporu"
"Products Ordered","Sipariş Edilen Ürünler"
"Products in Carts","Sepetlerdeki Ürünler"
"Profile Action","Profil İşlemi"
"Profile Actions XML","Profil İşlemleri XML"
"Profile Direction","Profil Yönü"
"Profile History","Profil Geçmişi"
"Profile Information","Profil Bilgisi"
"Profile Name","Profil Adı"
"Profile Payments","Profil Ödemeleri"
"Profile Schedule","Profil Takvimi"
"Profile Wizard","Profil Sihirbazı"
"Profiles","Profiller"
"Promo","Promosyon"
"Promotions","Promosyonlar"
"Purchased Item","Satın Alınan Ürün"
"Put store on the maintenance mode while backup creation","Yedek alınırken siteyi bakım moduna al"
"Put store on the maintenance mode while rollback processing","Geri alma işlemi esnasında siteyi bakım moduna al"
"Quantity","Miktar"
"Queue Refresh","Kuyruğu Tazele"
"Queued... Cancel","Kuyruğa eklendi... İptal"
"REST Roles","REST Yetkileri"
"Radio Buttons","Çoktan Seçmeli"
"Rates","Oranlar"
"Read details","Detayları Oku"
"Rebuild","Yeniden Oluştur"
"Rebuild Catalog Index","Katalog İndeksini Yenile"
"Rebuild Flat Catalog Category","Sabit Katalog Kategori Tablosunu Yeniden Oluştur"
"Rebuild Flat Catalog Product","Sabit Ürün Tablosu Yeniden Oluştur"
"Recent Orders","Geçmiş Siparişler"
"Recent statistics have been updated.","Son istatistikler güncellendi."
"Recurring Profile View","Periyodik Ödeme Profil Görünümü"
"Recursive Dir","Yinelemeli Klasör"
"Redirect","Yönlendirilmiş"
"Reference","Referans"
"Reference ID","Referans No"
"Refresh","Yenile"
"Refresh Now*","Şimdi Yenile*"
"Refresh Statistics","Referans İstatistikleri"
"Region/State","Bölge/Eyalet"
"Regular Price:","Normal Fiyat:"
"Reject","Reddet"
"Reject token authorization Pop Up for admin","Yönetim için kimlik onay penceresini reddet"
"Reject token authorization for admin","Yönetim için kimlik onayını reddet"
"Rejection Of Authorization","Kimlik onayının Reddi"
"Release","Günce"
"Release Stability","Güncel Sürüm"
"Release Version","Güncel Sürüm"
"Reload captcha","Captcha yı yeniden yükle"
"Remote FTP","Uzak FTP"
"Remove","Sil"
"Reports","Raporlar"
"Request Path","İstek Yolu"
"Required","zorunlu"
"Reset","Sıfırla"
"Reset Filter","Filtreyi Sıfırla"
"Reset Password","Şifre Sıfırla"
"Reset a Password","Şifre Sıfırla"
"Resize","Yeniden Boyutlandır"
"Resource Access","Kaynak Erişimi"
"Resources","Kaynaklar"
"Results","Sonuçlar"
"Retrieve Password","Şifre Getir"
"Return Html Version","Html Sürümüne Dön"
"Revenue","Gelir"
"Reviews","Yorumlar"
"Reviews and Ratings","Yorumlar ve Puanlar"
"Rewrite Rules","URL yeniden yazım kuralları"
"Role ID","Yetki Sınıfı ID"
"Role Info","Yetki Sınıfı Bilgisi"
"Role Information","Yetki Sınıfı Bilgisi"
"Role Name","Yetki Sınıfı Adı"
"Role Resources","Yetki Sınıfı Kaynakları"
"Role Users","Yetki Sınıfı Kullanıcıları"
"Roles","Yetki Sınıfları"
"Roles Resources","Yetki Sınıfı Kaynakları"
"Rotate CCW","Saat yönü tersine döndür"
"Rotate CW","Saat yönünde döndür"
"Run","Çalıştır"
"Run Profile","Profil Çalıştır"
"Run Profile Inside This Window","Profili bu pencerede çalıştır"
"Run Profile in Popup","Profili Yeni Pencerede çalıştır"
"Running... Kill","Çalışıyor... Sonlandır"
"SKU","Ürün Kodu"
"SKU:","Ürün Kodu:"
"SSL Error: Invalid or self-signed certificate","SSL Hatası: Hatalı veya yerel olarak imzalanmış sertifika"
"Sales","Satışlar"
"Sales Report","Satış Raporu"
"Samples","Örnekler"
"Save","Kaydet"
"Save & Generate","Kaydet & Üret"
"Save Account","Hesabı Kaydet"
"Save Cache Settings","Ön Bellek Ayarlarını Kaydet"
"Save Config","Ayarları Kaydet"
"Save Currency Rates","Döviz Kurlarını Kaydet"
"Save Profile","Profili Kaydet"
"Save Role","Yetki Sınıfı Kaydet"
"Save Template","Şablonu Kaydet"
"Save User","Kullanıcıyı Kaydet"
"Save and Continue Edit","Kaydet ve Düzenlemeye Devam Et"
"Search","Arama"
"Search Index","Arama İndeksi"
"Search Term","Arama Kelimesi"
"Search Terms","Aranan Koşullar"
"Select","Seçiniz"
"Select All","Hepsini Seç"
"Select Category","Kategori Seçiniz"
"Select Date","Tarih seçiniz"
"Select Range","Aralık Seçiniz"
"Select date","Tarih seçiniz"
"Selected allowed currency ""%s"" is not available in installed currencies.","Seçilen ""%s"" para birimi, yüklenmiş para birimleri arasında bulunmamaktadır."
"Selected base currency is not available in installed currencies.","Ana para birimi olarak seçilen para birimi, kurulu para birimleri arasında yok."
"Selected default display currency is not available in allowed currencies.","Seçilen para birimi, izin verilen para birimleri arasında mevcut değil."
"Selected default display currency is not available in installed currencies.","Varsayılan gösterilecek para birimi olarak seçilen para birimi, tanımlı para birimleri arasında yok."
"Self-assigned roles cannot be deleted.","Kendi atanan roller silinemez."
"Sender","Gönderici"
"Separate Email","Ayrı E-posta"
"Shipment #%s comment added","#%s için kargo açıklaması eklendi"
"Shipment #%s created","#%s Kargo oluşturuldu"
"Shipment Comments","Kargo Açıklamaları"
"Shipment History","Kargo Geçmişi"
"Shipments","Teslimatlar"
"Shipping","Teslimat"
"Shipping Address","Teslimat Adresi"
"Shipping Address: ","Teslimat Adresi: "
"Shipping Origin","Teslimat Merkezi"
"Shipping Price","Kargo Ücreti"
"Shipping address selection is not applicable","Teslimat adresi seçimi uygulanamaz"
"Shipping method must be specified.","Teslimat yöntemi seçilmelidir."
"Shipping method selection is not applicable","Teslimat yöntemi seçimi uygun değil"
"Shopping Cart","Alışveriş Sepeti"
"Shopping Cart Price Rules","Alışveriş Sepeti Fiyat Kuralları"
"Shopping Cart from %s","%s Alışveriş Sepeti"
"Show By","Tarafından Gösteriliyor"
"Show Report For:","Rapor Göster:"
"Show Reviews","Yorumları Bak"
"Sitemap Information","Site Haritası Bilgisi"
"Size for %s","%s Boyutu"
"Skip Category Selection","Kategori seçimini atla"
"Some items in this order have different invoice and shipment types. You can create shipment only after the invoice is created.","Bu siparişteki bazı ürünler farklı fatura ve teslimat bilgisine sahip. Teslimat bilgisini sadece faturadan sonra oluşturabilirsiniz."
"Some of the ordered items do not exist in the catalog anymore and will be removed if you try to edit the order.","Siparişteki bazı ürünler artık katalogda mevcut değil. Eğer siparişi düzenlemek isterseniz bu ürünler siparişten silinecektir."
"Sorry, this feature is coming soon...","Üzgünüz, bu özellik daha sonra aktif olacaktır..."
"Special Price:","Özel Fiyat:"
"Specific Countries","Seçilen Ülkeler"
"Specified","Özel"
"Specified profile does not exist.","Profil bulunamadı."
"Spreadsheet Name:","Çalışma Sayfa Adı:"
"Start Date","Başlangıç Tarihi"
"Starting profile execution, please wait...","Profil başlatılıyor, lütfen bekleyiniz..."
"State/Province:","Eyalet/Şehir:"
"Static Blocks","Statik Bloklar"
"Status","Durum"
"Status:","Durum:"
"Stock Quantity:","Stoktaki Adet:"
"Stock notification was saved.","Stok bildirimi kaydedildi."
"Store","Mağaza"
"Store Email Addresses Section","Mağaza E-posta Adresleri Bölümü"
"Store View","Mağaza Görünümü"
"Store:","Mağaza:"
"Stores","Mağazalar"
"Subject","Konu"
"Submit","Gönder"
"Subpackage cannot be conflicting.","Alt paket çakışamaz."
"Subtotal","Ara Toplam"
"Switch/Solo/Maestro Only","Sadece Switch/Solo/Maestro"
"Symbol","Sembol"
"Synchronization is required.","Eşitleme zorunludur."
"Synchronization of media storages has been successfully completed.","Medya depolama alanının eşlemesi başarıyla tamamlandı."
"Synchronize","Eşitleme yap"
"Synchronizing %s to %s","Eşitleme %s => %s"
"Synchronizing...","Eşitleme yapılıyor..."
"System","Sistem"
"System Section","Sistem Bölümü"
"System busy","Sistem meşgul"
"Tags","Etiketler"
"Target Path","Hedef Dizin"
"Tax","Vergi"
"Tb","Tb"
"Template","Şablon"
"Template Content","Şablon İçeriği"
"Template Information","Şablon Bilgisi"
"Template Name","Şablon Adı"
"Template Styles","Şablon Stilleri"
"Template Subject","Şablon Konusu"
"Template Type","Şablon Tipi"
"Temporary (302)","Geçici (302)"
"Terms and Conditions","Satış Şartları ve Koşulları"
"Text","Yazı"
"The Catalog Rewrites were refreshed.","Katalog Adres Yeniden Yazım bilgisi yenilendi."
"The CatalogInventory Stock Status has been rebuilt.","Katalog Envanteri Stok Durumu yeniden oluşturuldu."
"The Comment Text field cannot be empty.","Açıklama alanı boş bırakılamaz."
"The Flat Catalog Product was rebuilt","Sabit Ürün Tablosu yenilendi."
"The JavaScript/CSS cache has been cleaned.","JavaScript/CSS ön belleği temizlendi."
"The JavaScript/CSS cache has been cleared.","JavaScript/CSS ön belleği temizlendi."
"The Layered Navigation indexing has been queued.","Katmanlı Gezinme indeksleme işlemi kuyruğa eklendi."
"The Layered Navigation indexing queue has been canceled.","Katmanlı Gezinme indeksleme işlemi kuyruktan çıkarıldı."
"The Layered Navigation indices were refreshed.","Katmanlı Gezinme indeksleri yenilendi."
"The Layered Navigation process has been queued to be killed.","Katmanlı Gezinme indeksleme iptal işlemi kuyruğa eklendi."
"The Magento cache storage has been flushed.","Magento Ön Belleği Depolama Alanını boşalt."
"The URL Rewrite has been deleted.","URL yeniden yazım silindi."
"The URL Rewrite has been saved.","URL yeniden yazım kaydedildi."
"The account has been saved.","Hesap kaydedildi."
"The archive can be uncompressed with <a href=""%s"">%s</a> on Windows systems","Bu arşiv dosyası Windows İşletim Sisteminde <a href=""%s"">%s</a> ile açılır"
"The attribute set has been removed.","Özellik seti silindi."
"The backup's creation process will take time.","Yedek oluşturma işlemi sitenizin büyüklüğüne göre biraz zaman alacaktır."
"The billing agreement has been canceled.","Ödeme sözleşmesi iptal edildi."
"The billing agreement has been deleted.","Ödeme sözleşmesi silindi."
"The cache storage has been flushed.","Ön Bellek depolama alanı boşaltıldı."
"The carrier needs to be specified.","Taşıyıcı seçmelisiniz."
"The catalog index has been rebuilt.","Katalog indeksi yenilendi."
"The catalog rewrites have been refreshed.","Katalog yeniden yazımı yenilendi."
"The configuration has been saved.","Yapılandırma kaydedildi."
"The credit memo has been canceled.","İade kaydı iptal edildi."
"The credit memo has been created.","İade kaydı oluşturuldu."
"The credit memo has been voided.","İade kaydı iptal edildi."
"The custom variable has been deleted.","Özel Değişken silindi."
"The custom variable has been saved.","Özel değişken kaydedildi."
"The customer has been deleted.","Müşteri silindi."
"The customer has been saved.","Müşteri kaydedildi."
"The design change has been deleted.","Tasarım değişimi silindi."
"The design change has been saved.","Tasarım değişimi kaydedildi."
"The email address is empty.","E-posta adresi boş."
"The email template has been deleted.","E-posta şablonu silindi."
"The email template has been saved.","E-posta şablonu kaydedildi."
"The flat catalog category has been rebuilt.","Sabit katalog kategori tablosunu yeniden oluşturuldu."
"The group node name must be specified with field node name.","Grup düğüm adı, Alan düğüm adı ile belirtilmelidir."
"The image cache was cleaned.","Resim ön belleği temizlendi."
"The image cache was cleared.","Resim ön belleği temizlendi."
"The invoice and shipment have been created.","Fatura ve Teslimat fişi oluşturuldu."
"The invoice and the shipment  have been created. The shipping label cannot be created at the moment.","Fatura ve teslimat fişi oluşturuldu. Teslimat etiketi oluşturulamadı."
"The invoice has been canceled.","Fatura iptal edildi."
"The invoice has been captured.","Fatura tahsil edildi."
"The invoice has been created.","Fatura oluşturuldu."
"The invoice has been voided.","Fatura iptal edildi."
"The invoice no longer exists.","Fatura bulunamadı."
"The item %s (SKU %s) does not exist in the catalog anymore.","Ürün %s (SKU %s) artık katalogda yok."
"The order does not allow creating an invoice.","Bu sipariş için fatura oluşturulamaz."
"The order no longer exists.","Sipariş bulunamadı."
"The poll has been deleted.","Anket silindi."
"The poll has been saved.","Anket kaydedildi."
"The profile has been deleted.","Profil silindi."
"The profile has been saved.","Profil kaydedildi."
"The profile has been updated.","Profil güncellendi."
"The profile has no changes.","Profilde herhangi bir değişiklik yok"
"The profile you are trying to save no longer exists","Kaydetmeye çalıştığınız profil veritabanında bulunamadı"
"The rating has been deleted.","Puan kaydedildi."
"The rating has been saved.","Puan kaydedildi."
"The role has been deleted.","Yetki silindi."
"The role has been saved.","Yetki kaydedildi."
"The role has been successfully saved.","Yetki başarıyla kaydedildi."
"The search index has been rebuilt.","Arama indeksi yenilendi."
"The shipment has been created.","Teslimat oluşturuldu."
"The shipment has been sent.","Teslimat gönderildi."
"The shipping label has been created.","Teslimat etiketi oluşturuldu."
"The tag has been deleted.","Etiket silindi."
"The tag has been saved.","Etiket kaydedildi."
"The transaction details have been updated.","İşlem detayları güncellendi."
"The user has been deleted.","Kullanıcı silindi."
"The user has been saved.","Kullanıcı kaydedildi."
"Themes JavaScript and CSS files combined to one file.","JavaScript ve CSS dosyaları tek dosyaya toplandı."
"There is an error in one of the option rows.","Seçenek satırlarından birinde hata meydana geldi."
"This Account is","Bu hesap "
"This Email template no longer exists.","E-posta şablonu bulunamıyor."
"This Role no longer exists","Yetki bulunamıyor"
"This Role no longer exists.","Yetki bulunamıyor."
"This account is","Bu hesap "
"This account is inactive.","Bu hesap pasif."
"This action cannot be undone.","Bu işlem geri alınamaz."
"This attribute set does not have attributes which we can use for configurable product","Bu özellik seti, ayarlanabilir ürünlerde kullanılacak bir özellik içermiyor
"
"This attribute shares the same value in all the stores","Bu ürün özelliği bütün mağazalarda aynı değeri paylaşıyor"
"This is a demo store. Any orders placed through this store will not be honored or fulfilled.","Bu bir demo mağazasıdır. Verilen siparişler test olarak kabul edilir ve işlem görmez."
"This is a required field.","Bu alan zorunludur."
"This product is currently disabled.","Bu ürün şu anda pasif edilmiş."
"This report depends on timezone configuration. Once timezone is changed, the lifetime statistics need to be refreshed.","Bu rapor zaman dilimine bağlıdır. Zaman dilimi değişince bütün istatistiklerin yenilenmesi gerekmektedir."
"This section is not allowed.","Bu bölüme izin verilmiyor."
"This user no longer exists.","Kullanıcı bulunamıyor."
"Time","Saat"
"Time selection:","Zaman seçimi:"
"Time:","Zaman:"
"Timeout limit for response from synchronize process was reached.","Eşitleme işleminden cevap almak için gereken zaman aşıldı."
"To","Bit"
"To cancel pending authorizations and release amounts that have already been processed during this payment, click Cancel.","Bekleyen onay isteklerini iptal etmek ve bu ödeme esnasında işlenen ücretleri serbest bırakmak için, İptal butonuna basınız."
"To use PayPal Payflow Link, you must configure your PayPal Payflow Link account on the PayPal website.","PayPal Payflow Linki kullanmak için, PayPal websitesinde PayPal Payflow Link hesabı açmalısınız."
"To use PayPal Payments Advanced, you must configure  your PayPal Payments Advanced account on the PayPal website.","PayPal Payments Advanced kullanmak için, PayPal websitesinde PayPal Payments Advanced hesabı açmalısınız."
"Toggle Editor","Editöre Geçiş"
"Tools","Araçlar"
"Top 5 Search Terms","En çok Aranan 5 Kelime"
"Total","Toplam"
"Total Invoiced","Toplam Faturalanmış"
"Total Order Amount","Toplam Sipariş Tutarı"
"Total Refunded","Toplam İade Edilenler"
"Total of %d record(s) have been deleted.","Toplam %d kayıt silindi."
"Total of %d record(s) have been updated.","Toplam %d kayıt güncellendi."
"Total of %d record(s) were canceled.","%d kayıt iptal edildi."
"Total of %d record(s) were deleted","Toplam %d kayıt silindi"
"Total of %d record(s) were deleted.","%d kayıt silinmişti."
"Total of %d record(s) were updated","Toplam %d kayıt güncellendi"
"Total of %d record(s) were updated.","Toplam %d kayıt güncellendi."
"Track Order","Siparişi Takip Et"
"Track this shipment","Kargoyu izle"
"Tracking number %s for %s assigned","İzleme numarası %s ( %s için ) atandı"
"Tracking number cannot be empty.","İzleme numarası boş bırakılamaz."
"Transaction Data","İşlem Verisi"
"Transaction Details","İşlem Detayları"
"Transaction ID","İşlem ID"
"Transaction Type","İşlem Tipi"
"Transactional Emails","İşlem E-postaları"
"Transactions","İşlemler"
"Try Magento Go for Free","Magento Go'yu Ücretsiz Deneyin"
"Type","Tip"
"Type:","Tip:"
"URL Rewrite","URL yeniden yazımı"
"URL Rewrite Information","URL yeniden yazım bilgisi"
"URL Rewrite Management","URL yeniden yazım yönetimi"
"Unable to cancel the credit memo.","İade kaydı iptal edilemiyor."
"Unable to find a Email Template to delete.","Silinecek E-posta şablonuna ulaşılamıyor."
"Unable to find a poll to delete.","Silinecek ankete ulaşılamıyor."
"Unable to find a tag to delete.","Silinecek etikete ulaşılamıyor."
"Unable to find a user to delete.","Silinecek kullanıcı bilgisine ulaşılamıyor."
"Unable to initialize import model","İçeri Aktarma modeli başlatılamadı."
"Unable to refresh lifetime statistics.","ömürboyu istatistiklerin yenilenmesi işleminde bir hata meydana geldi."
"Unable to refresh recent statistics.","Son istatistikler yenilenemedi."
"Unable to save the cron expression.","Zamanlanmış görev (Cron) ifadesi kaydedilemedi."
"Unable to save the invoice.","Fatura kaydedilemedi."
"Unable to send the invoice email.","Fatura e-postası gönderilemedi."
"Unable to send the shipment email.","Teslimat e-postası gönderilemedi."
"Unable to update transaction details.","İşlem detayları güncellenemedi."
"Unable to void the credit memo.","İade kaydı iptal edilemiyor."
"Unknown","Bilinmeyen"
"Unlimited","Limitsiz"
"Update","Güncelle"
"Updated At","Güncelleme Tarihi"
"Upload File","Dosya Yükle"
"Upload Files","Dosyaları Yükle"
"Upload HTTP Error","Dosya Yükleme HTTP Hatası"
"Upload I/O Error","Dosya yüklemede G/Ç Hatası"
"Upload Security Error","Dosya Yükleme Güvenlik Hatası"
"Upload import file","İçeri aktaarılacak dosyayı yükle"
"Uploaded file is larger than %.2f kilobytes allowed by server","Yüklenen dosya sunucu tarafından izin verilen %.2f kilobayttan daha büyük"
"Use All Available Attributes","Tüm Kullanılabilir Özellikleri Kullan"
"Use Config Settings","Yapılandırma Ayarlarını Kullan"
"Use Default","Varsayılanı Kullan"
"Use Default Value","Varsayılan Değeri Kullan"
"Use Default Variable Values","Varsayılan Değişken Değerlerini Kullan"
"Use FTP Connection","FTP bağlantısı kullan"
"Use Website","Websitesini Kullan"
"Used Currently For","için kullanıldı"
"Used as Default For","için varsayılan olarak kullanıldı"
"User Email","Kullanıcı E-posta Adresi"
"User ID","Kullanıcı ID"
"User Info","Kullanıcı Bilgisi"
"User Information","Kullanıcı Bilgisi"
"User Name","Kullanıcı Adı"
"User Name is required field.","Kullanıcı Adı zorunlu bir alandır."
"User Name:","Kullanıcı Adı:"
"User Password","Şifre"
"User Role","Kullanıcı Yetkisi"
"User Roles","Kullanıcı Yetkileri"
"User Roles Information","Kullanıcı Yetki Bilgisi"
"User Type Resources","Kullanıcı Tipi Kaynakları"
"User name","Kullanıcı Adı"
"Users","Kullanıcılar"
"VAT Number is Invalid","Vergi Numarası Geçersiz"
"VAT Number is Valid","Vergi Numarası Geçerli"
"Validation Results","Doğrulama Sonuçları"
"Value","Değer"
"Value Delimiter:","Değer Ayırıcısı:"
"Variable","Değişken"
"Variable Code","Değişken Kodu"
"Variable HTML Value","Değişken HTML değeri"
"Variable ID","Değişken No"
"Variable Name","Değişken Adı"
"Variable Plain Value","Değişken Değeri"
"Verifier code: %s","Doğrulama kodu: %s"
"View Actions XML","XML İşlem Dosyasını görüntüle"
"View Full Size","Tam Boyutu Göster"
"View Memo","Kaydı Göster"
"View Memo for #%s","#%s için İade Kaydı Göster"
"View Shipment","Teslimatı Göster"
"View Statistics For:","İstatistik Göster:"
"Visibility:","Görünürlük:"
"Warning","Dikkat"
"Warning! Empty value can cause problems with CSV format.","Dikkat! Boş değerler CSV formatında probleme neden olabilir."
"Warning!\r\nThis action will remove this user from already assigned role\r\nAre you sure?","Uyarı!\r\n Bu işlem yetki atanmış bu kullanıcıyı silecektir\r\n Emin misiniz?"
"Warning!\r\nThis action will remove those users from already assigned roles\r\nAre you sure?","Uyarı!\r\n Bu işlem yetki atanmış kullanıcıları silecektir\r\n Emin misiniz?"
"Warning: Please do not close the window during importing/exporting data","Dikkat: Veri alınırken/verilirken bu pencereyi kapatmayınız"
"Watermark File for %s","%s için Kopya Koruma dosyası"
"We appreciate our merchants\' feedback, please <a href=""#"" onclick=""surveyAction(\'yes\'); return false;"">take our survey</a> to provide insight on the features you would like included in Magento. <a href=""#"" onclick=""surveyAction(\'no\'); return false;"">Remove this notification</a>","Magento kullanan site sahiplerinin görüşleri bizim için önemlidir. Lütfen <a href=""#"" onclick=""surveyAction(\'yes\'); return false;"">anketimize katılarak</a> Magento gelişimine siz de katkıda bulunun. <a href=""#"" onclick=""surveyAction(\'no\'); return false;"">Bu bildirimi silmek için tıklayınız</a>"
"We\'re in our typing table, coding away more features for Magento. Thank you for your patience.","Magentoyu geliştirmeye katkılarınız ile devam ediyoruz. Sabrınız için teşekkür ederiz."
"Web Section","Web Bölümü"
"Web Services","Web Servisleri"
"Web services","Web Servisleri"
"Website","Websitesi"
"What is this?","Bu nedir?"
"Wishlist Report","Takip Listesi Raporu"
"Wishlist item is not loaded.","Takip listesi ürünü yüklenemedi."
"Wrong account specified.","Hatalı hesap seçimi yapıldı."
"Wrong billing agreement ID specified.","Hatalı ödeme sözleşmesi numarası tanımlandı."
"Wrong column format.","Hatalı sütun biçimi."
"Wrong newsletter template.","Hatalı duyuru şablonu."
"Wrong quote item.","Hatalı sepet ürünü."
"Wrong tab configuration.","Hatalı sekme ayarı."
"Wrong tag was specified.","Yanlış etiket belirtildi."
"Wrong transaction ID specified.","Hatalı işlem numarası belirtildi."
"XML","XML"
"XML data is invalid.","XML verisi hatalı."
"XML object is not instance of ""Varien_Simplexml_Element"".","XML nesnesi ""Varien_Simplexml_Element"" in bir örneği olmalı."
"YTD","YTD"
"Year","Yıl"
"Yes","Evet"
"Yes (301 Moved Permanently)","Evet (301 Kalıcı olarak Taşındı)"
"Yes (302 Found)","Evet (302 Bulundu)"
"Yes (only price with tax)","Evet (sadece vergi dahil fiyat)"
"You cannot delete your own account.","Kendi hesabınızı silemezsiniz."
"You have %s unread message(s).","%s okunmamış mesajınız var."
"You have %s unread message(s). <a href=""%s"">Go to messages inbox</a>.","%s adet okunmamış mesajınız var. <a href=""%s"">Mesaj kutusuna git</a>."
"You have %s, %s and %s unread messages. <a href=""%s"">Go to messages inbox</a>.","%s, %s ve %s okunmamış mesajınız var. <a href=""%s"">Mesaj kutusuna gidiniz</a>."
"You have logged out.","Oturumunuz kapatıldı."
"You have not enough permissions to use this functionality.","Bu özelliğe erişmek için yetkiniz yok."
"You must have JavaScript enabled in your browser to utilize the functionality of this website.","Sitenin bütün özelliklerini kullanabilmek için Web Tarayıcı Yazılımınızın JavaScript özelliğinin açık olması gerekmektedir."
"You need to specify order items.","Sipariş satırlarını belirlemelisiniz."
"You will need to wait when the action ends.","İşlem bitene kadar beklemeniz gerekiyor."
"Your answers contain duplicates.","Cevaplarınızda çift kayıt var."
"Your password has been updated.","Şifreniz güncellendi."
"Your password reset link has expired.","Şifre sıfırlama bağlantısının kullanım süresi doldu."
"Your server PHP settings allow you to upload files not more than %s at a time. Please modify post_max_size (currently is %s) and upload_max_filesize (currently is %s) values in php.ini if you want to upload larger files.","Sunucu Php ayarlarınız bir seferde %s den daha fazla dosya yüklemenize izin vermemektedir. Eğer daha büyük boyutta dosyaları yüklemek istiyorsanız, lütfen php.ini deki post_max_size (mevcut %s) ve upload_max_filesize (mevcut %s) değerleri yükseltinz."
"Your web server is configured incorrectly. As a result, configuration files with sensitive information are accessible from the outside. Please contact your hosting provider.","Web sunucunuz doğru yapılandırılmamış.  Bu sonuca göre, yapılandırma dosyalarınıza dışarıdan giriş sağlanabilir. Lütfen hizmet sağlayıcınızle iletişime geçiniz."
"Zip/Postal Code","Zip/Posta Kodu"
"Zip/Postal Code:","Zip/Posta Kodu:"
"[ deleted ]","[ silindi ]"
"[GLOBAL]","[GLOBAL]"
"[STORE VIEW]","[MAĞAZA GÖRÜNÜMÜ]"
"[WEBSITE]","[WEB SİTESİ]"
"b","b"
"close","Kapat"
"critical","kritik"
"example: ""sitemap/"" or ""/"" for base path (path must be writeable)","örnek: ""sitemap/"" veya ana dizin için ""/"" kullanınız (klasör web sunucusu tarafından yazılabilir olmalıdır)"
"example: sitemap.xml","örnek: sitemap.xml"
"failed","tamamlanamadı"
"from","Baş"
"major","büyük"
"minor","küçük"
"notice","bilgi"
"store(%s) scope","mağaza(%s) kapsamı"
"successful","başarılı"
"to","Bit"
"website(%s) scope","web sitesi (%s) kapsamı"
"{{base_url}} is not recommended to use in a production environment to declare the Base Unsecure URL / Base Secure URL. It is highly recommended to change this value in your Magento <a href=""%s"">configuration</a>.","Yayındaki sitede Güvenli URL/Güvenli olmayan URL için {{base_url}} kullanılması önerilmemektedir. Magento <a href=""%s"">ayarlar</a>ında bu değerin değiştirilmesi önem arzetmektedir."
