"# of Use","# Kullanımda"
"%1$s incl tax.","%1$s vergi dahil."
"%s - %s","%s - %s"
"%s Item(s)","%s Ürün(ler)"
"%s and above","%s ve aşağısı"
"(%d)","(%d)"
"(Copy data from: %s)","(Kopya Veri Kaynağı: %s)"
"* Required Fields","* Zorunlu Alanlar"
"-- Please Select --","-- Lütfen Seçiniz --"
"86400 by default, if not set. To refresh instantly, Clear the Blocks HTML Output Cache.","Eğer ayarlanmamışsa, varsayılan değer 86400 olacaktır. Anında tazelemek istiyorsanız, Blok HTML Ön Belleğini çalıştırınız."
"<strong style=""color:red"">Warning!</strong> Applying MAP by default will hide all product prices on the frontend.","<strong style=""color:red"">Dikkat!</strong> Varsayılan eşleşmeyi uygularsanız müşteri tarafındaki tüm fiyatlar görünmez hale gelecektir."
"A group with the same name already exists.","Aynı isme sahip bir grup zaten var."
"A name is required","Ad zorunludur."
"A product type is not defined for the indexer.","İndeks için bir ürün tipi belirlenmedi."
"ALL GROUPS","TÜM GRUPLAR"
"AM","Öğleden Önce"
"Action","İşlem"
"Actual Price","Güncel Fiyat"
"Add","Ekle"
"Add Attribute","Özellik Ekle"
"Add Design Change","Tasarım Değişikliği Ekle"
"Add Group","Grup Ekle"
"Add Group Price","Grup Fiyatı Ekle"
"Add New","Yeni Ekle"
"Add New Attribute","Yeni Özellik Ekle"
"Add New Attribute Set","Yeni Özellik Seti Ekle"
"Add New Group","Yeni Grup Ekle"
"Add New Images","Yeni Resimler Ekle"
"Add New Option","Yeni Seçenek Ekle"
"Add New Row","Yeni Satır Ekle"
"Add New Search Term","Yeni Arama Kelimesi Ekle"
"Add New Set","Yeni Set Ekle"
"Add Product","Ürün Ekle"
"Add Product To Websites","Websitelerine Ürün Ekle"
"Add Root Category","Ana Kategori Ekle"
"Add Subcategory","Alt Kategori Ekle"
"Add Tax","Vergi Ekle"
"Add Tier","Kanal Ekle"
"Add attribute into attribute set","Özellik setine özellik ekle"
"Add group into attribute set","Özellik setine grup ekle"
"Add new custom option into product","Ürüne özel seçenek ekle"
"Add new values into custom option","Özel seçeneklere yeni değer ekle"
"Add option","Seçenek Ekle"
"Add to Cart","Sepete Ekle"
"Add to Compare","Karşılaştırma Listesine Ekle"
"Add to Wishlist","Takip Listesine Ekle"
"Additional Information","Ek Bilgi"
"Alert Urls","Alarm URL leri"
"All","Tümü"
"All Product Types","Tüm Ürün Tipleri"
"All Websites","Tüm Websiteler"
"All products","Tüm ürünler"
"All products - recently added products, New products - products marked as new","Tüm ürünler - henüz eklenmiş ürünler, Yeni ürünler - yeni olarak işaretlenmiş ürünler"
"All products of this set will be deleted! Are you sure you want to delete this attribute set?","Bu sete ait tüm ürünler silinmiş olacaktır! Bu özellik setini silmek istediğinizden emin misiniz?"
"Allow All Products per Page","Her sayfada 'Tüm Ürünler' bağlantısını göster"
"Allow Dynamic Media URLs in Products and Categories","Ürün ve Kategoriler için dinamik medya URL'lerine izin ver"
"Allow HTML Tags on Frontend","Ön Sayfada HTML Etiketlerine İzin ver"
"Allowed File Extensions","İzin Verilen Dosya Uzantıları"
"Allowed file extensions to upload","Dosya yüklemede Izin Verilen Dosya Uzantıları"
"An error occurred while adding products to websites.","Websitelerine ürünler eklenirken bir hata meydana geldi."
"An error occurred while clearing comparison list.","Karşılaştırma listesi temizlenirken bir hata meydana geldi."
"An error occurred while deleting this review.","Yorum silinirken bir hata meydana geldi."
"An error occurred while removing products from websites.","Websitelerinden ürün silerken bir hata meydana geldi."
"An error occurred while saving the URL rewrite","URL yeniden yazım kaydedilirken bir hata meydana geldi"
"An error occurred while saving the attribute set.","Özellik seti kaydedilirken bir hata meydana geldi."
"An error occurred while saving the collection, aborting. Error message: %s","Koleksiyon kaydedilirken bir hata meydana geldi, işleme son veriliyor. Hata mesajı: %s"
"An error occurred while saving the product. ","Ürün kaydedilirken bir hata meydana geldi."
"An error occurred while saving the search query.","Arama sorgusu kaydedilirken bir hata meydana geldi."
"An error occurred while saving this group.","Bu grubu kaydederken bir hata meydana geldi."
"An error occurred while saving this review.","Bu yorum kaydedilirken bir hata meydana geldi."
"An error occurred while trying to delete the category.","Kategori silinirken bir hata meydana geldi"
"An error occurred while updating the product(s) attributes.","Ürünlerin özellikleri güncellenirken hata meydana geldi."
"An error occurred while updating the product(s) status.","Ürünlerin durumu güncellenirken hata meydana geldi."
"An invalid group ID is specified, skipping the record.","Hatalı grup numarası, kayıt atlanıyor."
"An invalid option ID is specified for %s (%s), skipping the record.","%s (%s) için hatalı seçenek no belirlendi, kayıt atlanıyor."
"An invalid store was specified.","Hatalı mağaza tanımlandı"
"Anchor Custom Text","Bağlantı Özel Yazı"
"Anchor Custom Title","Bağlantı Özel Başlığı"
"Applicable to catalog products and categories only. Any media content will be inserted into editor as a static URL. It is not updated if the system configuration base URL changes.","Sadece katalog ürünlerine ve kategorilerine kullanılabilir. Medya içerikleri editöre statik bir URL olarak girilir. Mağaza adresi değiştiğinde bu adresler değişmeyecektir."
"Apply MAP (Default Value)","MAP Uygula (Varsayılan Değer)"
"Apply To","Uygula"
"Approved","Onaylandı"
"Are you sure you want to delete this category?","Bu kategoriyi silmek istediğinizden emin misiniz?"
"Are you sure you would like to remove all products from your comparison?","Karşılaştırma listenizden tüm ürünleri silmek istediğinizden emin misiniz?"
"Are you sure you would like to remove this item from the compare products?","Karşılaştırılan ürünler içinden bu ürünü silmek istediğinizden emin misiniz?"
"Are you sure?","Emin misiniz?"
"As low as:","En düşük:"
"Assign","Ata"
"Assign product link","Ürün linki ata"
"Assign product to category","Ürünü kategoriye ata"
"Assigned Products","Atanmış Ürünler"
"Associated Products","Bağlanmış Ürünler"
"Attrib. Set Name","Özellik Seti Adı"
"Attribute ""%s"" is invalid.","Özellik ""%s"" geçersizdir."
"Attribute ""%s"" is required.","Özellik ""%s"" zorunludur."
"Attribute Information","Özellik Bilgisi"
"Attribute Model","Ürün Özellik Modeli"
"Attribute Name:","Özellik Adı:"
"Attribute Set","Özellik Seti"
"Attribute Sets","Özellik Setleri"
"Attribute add","Özellik Ekle"
"Attribute code is invalid. Please use only letters (a-z), numbers (0-9) or underscore(_) in this field, first character should be a letter.","Özellik kodu hatalı. Lütfen bu alanda sadece harfler (a-z), rakamlar (0-9) veya alt çizgi (_) kullanınız, ilk karakter sadece harf olabilir."
"Attribute group with the \""/name/\"" name already exists","\""/name/\"" adında bir özellik grubu zaten var"
"Attribute remove","Özellik Sil"
"Attribute with the same code already exists","Aynı kodu kullanan bir özellik zaten var"
"Attributes","Özellikler"
"Attrribute names can be specified per store.","Özellik adları her mağaza için ayrı belirtilmelidir."
"Autogenerate","Otomatik Oluştur"
"Availability:","Durumu:"
"Back","Geri"
"Backend Model","Arka Uç Modeli"
"Backend Table","Arka Uç Tablosu"
"Backend Table Title","Arka Uç Tablo Başlığı"
"Backorders","Ön Siparişler"
"Based On","Dayalı"
"Before Order Confirmation","Sipariş Onayından Önce"
"Best Value","En iyi Değer"
"Block after Info Column","Bilgi kolonundan sonra Blok"
"Bottom Block Options Wrapper","Alt Blok Seçenek Kutusu"
"Bottom/Left","Alt/Sol"
"Bottom/Right","Alt/Sağ"
"Browse By","Gözat"
"Bundle Items","Birleştirilmiş Ürünler"
"Buy %1$s","%1$s Satın Al"
"Buy %1$s for","için %1$s Satın Al"
"Buy %1$s for %2$s","%2$s için %1$s Satın Al"
"Buy %1$s for %2$s (%3$s incl. tax) each","Her bir %2$s (%3$s vergi dahil) için  %1$s Satın Al"
"Buy %1$s for %2$s each","Her bir %2$s için %1$s Satın al"
"Cache Lifetime (Seconds)","Ön Bellek Ömrü (Saniye)"
"Cache refresh needed.","Ön Belleğin yenilenmesi gerekmektedir."
"Can be Divided into Multiple Boxes for Shipping","Teslimat birden fazlaya bölünebilir"
"Can be used only with catalog input type Dropdown","Sadece katalog girişi tipindeki açılır menü ile kullanılır"
"Can be used only with catalog input type Dropdown, Multiple Select and Price","Sadece katalog girişi tipindeki açılır menüde, çoklu seçimde ve fiyatta kullanılabilir"
"Can\'t create image.","Resim oluşturulamıyor."
"Cancel","İptal"
"Cannot create image.","Resim oluşturulamadı."
"Cannot create writeable directory '%s'.","'%s' klasörü yazdırılabilir olarak oluşturulamadı."
"Cart Item Attribute","Sepetteki ürün özelliği"
"Catalog","Katalog"
"Catalog Category (Anchor)","Katalog Kategorisi (Bağlantı)"
"Catalog Category (Non-Anchor)","Katalog Kategorisi (Bağlantı olmayan)"
"Catalog Category (Without Subcategories)","Kategori (Alt Kategorileri Hariç)"
"Catalog Category Link","Katalog Kategorisi Bağlantısı"
"Catalog New Products List","Katalog Yeni Ürünler Listesi"
"Catalog Price Scope","Katalog Fiyat Kapsamı"
"Catalog Product Compare List","Katalog Karşılaştırılan Ürünler Listesi"
"Catalog Product Email to a Friend","Katalog Ürünü Arkadaşına Tavsiye Et"
"Catalog Product Image Gallery Popup","Katalog Ürün Resim Galerisi Kutusu"
"Catalog Product Link","Katalog Ürün Bağlantısı"
"Catalog Product View (Any)","Katalog Ürün Detayı (Herhangi Bir Ürün Tipi)"
"Catalog Product View (Configurable)","Katalog Ürün Detayı(Ayarlanabilir Ürün)"
"Catalog Product View (Grouped)","Katalog Ürün Detayı(Grup Ürün)"
"Catalog Product View (Simple)","Katalog Ürün Detayı(Basit Ürün)"
"Catalog Product View (Virtual)","Katalog Ürün Detayı(Sanal Ürün)"
"Catalog Section","Katalog Bölümü"
"Catalog Seo Sitemap (Category List)","Katalog Seo Site Haritası  (Kategori Listesi)"
"Catalog Seo Sitemap (Category Tree)","Katalog Seo Site Haritası  (Kategori Ağacı)"
"Catalog Seo Sitemap (Common)","Katalog Seo Site Haritası  (Genel)"
"Catalog Seo Sitemap (Product List)","Katalog Seo Site Haritası  (Ürün Listesi)"
"Catalog URL Rewrites","Katalog Adres Yeniden Yazımı"
"Catalog product custom option values API","Ürün Özel Seçenek Değerleri API si"
"Catalog product custom options API","Ürün Özel Seçenekleri API si"
"Catalog, Search","Katalog, Arama"
"Categories","Kategoriler"
"Categories Sitemap","Kategorilerin Site Haritası"
"Category","0"
"Category API","Kategori API si"
"Category Data","Kategori Verisi"
"Category Flat Data","Kategori Sabit Tablosu "
"Category Link Block Template","Kategori Link Blok Şablonu"
"Category Link Inline Template","Kategori Link İnline Şablonu"
"Category Products","Kategori Ürünleri"
"Category Top Navigation","Kategori Üst Gezinme"
"Category URL Suffix","Kategori URL Soneki"
"Category attributes API","Kategori Özellikleri API si"
"Category move error","Kategori taşıma hatası"
"Category move error %s","Kategori taşıma hatası %s"
"Category move operation is not possible: parent category is equal to child category.","Kategori taşıma işlemi mümkün değil: üst kategori ile alt kategori aynı."
"Category move operation is not possible: the current category was not found.","Kategori taşıma işlemi mümkün değil: mevcut kategori bulunamadı."
"Category move operation is not possible: the new parent category was not found.","Kategori taşıma işlemi mümkün değil: yeni üst kategori bulunamadı."
"Category must be an instance of Mage_Catalog_Model_Category.","Kategori Mage_Catalog_Model_Category modelinin örneği olmalı."
"Center","Merkez"
"Change","Değiştir"
"Change or Retrieve attribute store view","Özellik Görünümünü Getir veya Değiştir"
"Change status","Durumu Değiştir"
"Check items to add to the cart or","Ürünleri seçip sepete ekleyiniz veya "
"Choose an Option...","Bir seçenek seçiniz..."
"Clear All","Hepsini Temizle"
"Clear Price","Net Fiyat"
"Click for price","Fiyat için tıklayınız"
"Close Window","Pencereyi Kapat"
"Collapse All","Hepsini Daralt"
"Comma-separated.","Virgülle ayrılmış."
"Comparable","Karşılaştırılabilir"
"Comparable on Front-end","Ön Sayfada Karşılaştırılabilir"
"Comparable on the Frontend","Ön Sayfada Karşılaştırılabilir"
"Compare","Karşılaştır"
"Compare Products","Ürünleri Karşılaştır"
"Conditions Combination","Koşullar listesi"
"Configurable Product","Ayarlanabilir Ürün"
"Configurable Product Settings","Ayarlanabilir Ürün Ayarları"
"Configure Product","Ürünü Yapılandır"
"Continue","Devam et"
"Copy From Configurable","Ayarlanabilir Üründen Kopyala"
"Country/State","Ülke/Eyalet"
"Create","Oluştur"
"Create (Upload)","Oluştur (Yükle)"
"Create Empty","Boş Oluştur"
"Create Permanent Redirect for URLs if URL Key Changed","URL anahtarı değişince, URL ler için kalıcı yönlendirme oluştur"
"Create Permanent Redirect for old URL","Eski URL için yönlendirme kaydı ekle"
"Create Product Settings","Ürün Ayarları Oluştur"
"Create Simple Associated Product","Basit İlişkili Ürün Oluştur"
"Create attribute set based on another set","Başka bir özellik setinden yeni bir özellik seti oluştur"
"Create new attribute","Yeni Ürün Özellik Oluştur"
"Create new category","Yeni kategori Ekle"
"Create new product","Yeni Ürün Ekle"
"Cross-sells","Çapraz Satış"
"Currently Shopping by:","Mevcut Alışveriş:"
"Custom Design","Özel Tasarım"
"Custom Options","Özel Seçenekler"
"Custom options","Özel Seçenekler"
"Customer Group","Müşteri Grubu"
"Customers Reviews","Müşterilerin Yorumları"
"Customers Tagged Product","Müşterilerin Etiketlediği Ürün"
"Data Type for Saving in Database","Veritabanına kaydederken kullanılacak veri tipi"
"Date & Time Custom Options","Tarih & Saat Özel Seçenekleri"
"Date Fields Order","Tarih Alanları Sıralaması"
"Date Subscribed","Üye Olunan Tarih"
"Datetime","Tarih-Saat"
"Decimal","Ondalık"
"Declare attribute value saving scope","Özellik değerinin kaydedileceği kapsamı belirtiniz"
"Default ""What's This"" Text Message","Varsayılan ""Bu Nedir"" Yazılı Mesajı"
"Default Popup Text Message","Varsayılan Açılır Pencere Mesajı"
"Default Price","Varsayılan fiyat"
"Default Price Navigation Step","Ana Fiyat Gezinme Adımı"
"Default Qty","Varsayılan Adet"
"Default Values","Varsayılan Değerler"
"Defines the base currency scope (""Currency Setup"" > ""Currency Options"" > ""Base Currency"").","Ana para birimi havuzunu ayarlar (""Para Birimleri"" > ""Para Birimi Seçenekleri"" > ""Ana para birimi"")."
"Delete","Sil"
"Delete Attribute","Özelliği Sil"
"Delete Attribute Set","Özellik Setini Sil"
"Delete Category","Kategori Sil"
"Delete Group Price","Grup Fiyatını Sil"
"Delete Option","Seçeneği Sil"
"Delete Row","Satır Sil"
"Delete Search","Aramayı Sil"
"Delete Selected Group","Seçilen Grubu Sil"
"Delete Tier","Katmanı Sil"
"Delete attribute","Özelliği Sil"
"Delete category","Kategori Sil"
"Delete product","Ürün Sil"
"Depends on design theme","Temaya Bağlı"
"Design","Tasarım"
"Details","Detaylar"
"Disabled","Kapalı"
"Disallowed file type.","İzin verilmeyen dosya tipi."
"Display Actual Price","Güncel Fiyatları Göster"
"Display Page Control","Sayfa Kontrolü Göster"
"Display Price Interval as One Price","Fiyat aralığını tek bir fiyat olarak göster"
"Display Product Count","Ürün Sayısını Göster"
"Display Type","Tipi Göster"
"Display in Suggested Terms","Tavsiye edilen kelimelerde göster"
"Double click on a group to rename it","Adını değiştirmek istediğiniz gruba tıklayınız"
"Double click on above image to view full picture","Tam boyutu görmek için yukarıdaki resme çift tıklayınız"
"Downloadable Information","İndirilebilir Ürün Bilgisi"
"Duplicate","Çoğalt"
"Duplicate website group price customer group.","Websitesi grup fiyatı için müşteri grubunu çoğalt."
"Duplicate website tier price customer group and quantity.","Website Katmanlı fiyat Müşteri Grubu ve Miktarı Çoğalt"
"Duplicate website, country and state tax found.","Çift web sitesi, ülke ve bölge vergisi bulundu."
"E.g. {{media url=""path/to/image.jpg""}} {{skin url=""path/to/picture.gif""}}. Dynamic directives parsing impacts catalog performance.","Örnek: {{media URL=""path/to/image.jpg""}} {{skin URL=""path/to/picture.gif""}}. Dinamik direktif ayrıştırma işlemi katalog performansını etkiler."
"Edit","Düzenle"
"Edit Attribute Set '%s'","Özellik Setini Düzenle '%s'"
"Edit Product Attribute","Ürün Özelliğini Düzenle"
"Edit Product Attribute ""%s""","Ürün Özelliğini Düzelt ""%s"""
"Edit Search","Aramayı Düzenle"
"Edit Search '%s'","Aramayı Düzenle '%s'"
"Edit Set Name","Set Adını Düzenle"
"Email","E-posta"
"Email to a Friend","Arkadaşına Gönder"
"Empty","Boş"
"Enable MAP","MAP Aktif et"
"Enable Qty Increments","Miktar Arttırımını Aktif et"
"Enable WYSIWYG","WYSIWYG Editörü Aç"
"Enable for reindexing a big number of SKUs.","Büyük numaralı ürün kodlarının yeniden indekslemesi için Aktif et"
"Enabled","Aktif edildi"
"Error during retrieval of option value: %s","Seçenek değeri alınırken hata meydana geldi: %s"
"Exclude","Hariç Tut"
"Expand All","Hepsini Genişlet"
"Failed","tamamlanamadı"
"Failed to copy file %s. Please, delete media with non-existing images and try again.","%s adlı dosya kopyalama başarısız oldu. Varolmayan dosyaları içeren medyayı silip tekrar deneyiniz."
"Failed to move file: %s","Dosya taşınamadı: %s"
"Feature Products","Özel Ürünler"
"Field is not complete","Alan doldurulmadı"
"File options format is not valid.","Dosya seçenekleri biçimi geçersiz."
"File upload failed","Dosya yüklemede hata oluştu"
"Filter model name must be declared.","Filtre model adı belirlenmelidir."
"Filter must be an object. Please set correct filter.","Filtre bir nesne olmalıdır. Lütfen geçerli bir filtre ayarlayınız."
"Filterable (no results)","Filtrelenebilir (sonuçsuz)"
"Filterable (with results)","Filtrelenebilir (sonuçlu)"
"First Name","Adı:"
"Fixed","Sabit"
"For internal use.","İç kullanım içindir."
"For the last time placed.","Son eklendiğinde."
"Frontend","Ön Sayfa"
"Frontend Model","Ön Sayfa Modeli"
"Frontend Properties","Ön Sayfa Özellikleri"
"Gallery","Galeri"
"General Information","Genel Bilgi"
"Get full information about attribute with list of options","Seçenek listeleri ile özellik hakkındaki tüm bilgileri al"
"Get full information about custom option in product","Üründeki özel seçenekle ilgili bilgi al"
"Get list of available custom option types","Kullanılabilir özel seçenek tiplarini listele"
"Get list of non-default attributes by product type and attributes set","Varsayılan olmayan özelliklerin ( ürüne göre ) ve özellik setlerini listele"
"Get list of possible attribute types","Kullanılabilir özellik tiplerini listele"
"Get special price","Özel fiyatı al"
"Global","Global"
"Globally Editable","Global Düzenelenebilir"
"Go to Home Page","Ana Sayfaya Git"
"Grid","Izgara"
"Group add","Grup Ekle"
"Group remove","Grup Sil"
"Grouped Product","Grup Ürünü"
"Groups","Gruplar"
"Home","Ana Sayfa"
"ID","No"
"ID: %s","No: %s"
"If empty, the Category Name will be used","Eğer boşsa, kategori adı kullanılacaktır."
"If empty, the Product Name will be used","Boş bırakırsanız ürün adı kullanılır"
"If you do not specify an option value for a specific store view then the default (Admin) value will be used.","Belirlenen mağaza için bir seçenek değeri tanımlanmamışsa, varsayılan (Yönetici) değeri kullanılacak."
"Image","Resim"
"Image content is not valid base64 data.","Resim içeriği geçerli base64 verisi değil."
"Image does not exist.","Resim bulunamıyor."
"Image file was not found.","Resim dosyası bulunamadı."
"Image type and information need to be specified for each store view.","Resim tipi ve bilgisi her mağaza için ayrı belirlenmeli."
"In Cart","Sepette"
"In Stock","stokta mevcut"
"In stock","stokta mevcut"
"Incl. Tax","Vergi Dahil"
"Index product and categories URL rewrites","Ürün ve Kategoriler için adres yeniden yazımı bilgisini indeksle"
"Index product attributes for layered navigation building","Katmanlı Gezinme için ürün özelliklerini indeksle"
"Index product prices","Ürün fiyatlarını indeksle"
"Indexed category/products association","Kategori/Ürün eşleşmesi indekslendi"
"Info","Bilgi"
"Info Column Options Wrapper","Bilgi Kolonu Seçenek Çerçevesi"
"Input Type","Giriş Tipi"
"Integer","Tamsayı"
"Interval Division Limit","Aralık Bölünme Limiti"
"Invalid Tier Prices","Hatalı Katman Fiyatları"
"Invalid attribute %s","Hatalı özellik %s"
"Invalid attribute option specified for attribute %s (%s), skipping the record.","%s (%s) özellik için hatalı seçenek belirlendi, kayıt atlanıyor."
"Invalid attribute set specified, skipping the record.","Hatalı özellik seti tanımlandı, kayıt atlanıyor."
"Invalid block: %s.","Hatalı blok: %s."
"Invalid category IDs.","Geçersiz kategori no."
"Invalid category.","Hatalı kategori."
"Invalid image file type.","Hatalı resim dosyası tipi."
"Invalid image type.","Hatalı resim tipi."
"Invalid option ID specified for %s (%s), skipping the record.","%s (%s) için hatalı seçenek no belirlendi, kayıt atlanıyor."
"Invalid product type specified, skipping the record.","Hatalı ürün tipi tanımlandı, kayıt atlanıyor."
"Invalid store specified","Hatalı mağaza tanımlandı"
"Invalid store specified, skipping the record.","Hatalı mağaza tanımlandı, kayıt atlanıyor."
"Invalid tier prices. The product is not associated to the requested website.","Hatalı katman fiyatları. Bu ürün istediğiniz mağaza ile ilişkili değil."
"Inventory","Envanter"
"Is Default","Varsayılan"
"Is Required","Zorunlu"
"Items %s to %s of %s total","Ürünler %s - %s / Toplam %s "
"Items that you do not want to show in the catalog or search results should have status 'Disabled' in the desired store.","Katalogda ve aramada görünmesini istemediğiniz ürünlerin durumu 'Pasif' olmalıdır."
"Items that you don't want to show in the catalog or search results should have status 'Disabled' in the desired store.","Katalogda ve aramada görünmesini istemediğiniz ürünlerin durumu 'Pasif' olmalıdır."
"Keep your eyes open for our special Back to School items and save A LOT!","Gözünüzü açın kampanyaları yakalayın!"
"Label","Etiket"
"Last Name","Soyadı"
"Last Notification","Son Bildirim"
"Layered Navigation","Katmanlı Gezinme"
"Learn More","Daha fazla bilgi"
"Line %d, Email: %s","Satır %d, E-posta: %s"
"Line %d, SKU: %s","Satır %d, Ürün Kodu: %s"
"Link (Related, Up sell, Cross sell)","Bağlantı (İlişkili, Üst Satış, Çapraz Satış)"
"Link product does not exist.","Bağlı ürün bulunamıyor."
"Link to a Specified Category","Belirlenen kategoriyle ilişkilendir"
"Link to a Specified Product","Belirlenen ürünle ilişkilendir"
"List","Liste"
"List Mode","Liste Tipi"
"List of Products that are set as New","Yeni olarak işaretlenecek ürün listesi"
"List of types","Tipleri listele"
"Manage Attribute Sets","Özellik Setlerini Yönet"
"Manage Attributes","Özellikleri Yönet"
"Manage Catalog Categories","Katalog Kategorilerini Yönet"
"Manage Categories","Kategorileri Yönet"
"Manage Label / Options","Etiket / Seçenek Yönetimi"
"Manage Options (values of your attribute)","Seçenekleri Yönet (özelliğindeki değerler)"
"Manage Product Attributes","Ürün Özelliklerini Yönet"
"Manage Product Sets","Ürün Setlerini Yönet"
"Manage Products","Ürünleri Yönet"
"Manage Stock","Stok Yönetimi"
"Manage Titles (Size, Color, etc.)","Etiketleri Yönet (Boyut, Renk vb...)"
"Max Characters","En fazla karakter"
"Maximal Depth","En yüksek Derinlik"
"Maximum Image Size","En yüksek Resim Boyutu"
"Maximum Number of Price Intervals","En yüksek Fiyat Aralık Sayısı"
"Maximum Qty Allowed in Shopping Cart","Sepette izin verilen en yüksek miktar"
"Maximum allowed image size for '%s' is %sx%s px.","'%s' için izin verilen maksimum resim boyutu %sx%s px."
"Maximum image height","En fazla resim yüksekliği"
"Maximum image width","En fazla resim genişliği"
"Maximum number of characters:","En fazla karakter sayısı:"
"Maximum number of price intervals is 100","En yüksek Fiyat Aralık Sayısı 100 dür"
"Media Image","Resim"
"Minimum Advertised Price","Minimum Reklam Ücreti"
"Minimum Lines per Page","Sayfa Başına En düşük Satır sayısı"
"Minimum Qty Allowed in Shopping Cart","Sepette izin verilen en düşük miktar"
"Minimum Qty for Item\'s Status to be Out of Stock","Ürünün Stokta Yok olarak gözükmesi için gereken minimum adet"
"Missing SKU, skipping the record.","SKU bilgisi bulunamadı, kayıt atlanıyor."
"More Views","Diğer Görünümler"
"Move","Taşı"
"Move category in tree","Kategoriyi ağaç içinde taşı"
"Must be in the allowed values list.","İzin verilen değerler listesinde olmalıdır."
"N/A","Mevcut Değil"
"Name","Adı"
"Name in %s","%s deki Adı"
"New Product","Yeni Ürün"
"New Product Attribute","Yeni Ürün Özelliği"
"New Products","Yeni Ürünler"
"New Products Grid Template","Yeni Ürünler Izgara Görünümü"
"New Products List Template","Yeni Ürünler Liste Görünümü"
"New Root Category","Yeni Kök Kategori"
"New Search","Yeni Arama"
"New Set Name","Yeni Set Adı"
"New Subcategory","Yeni Alt Kategori"
"New products","Yeni Ürünler"
"Next","Sonraki"
"No","Hayır"
"No image","Resim yok"
"No layout updates","Şablon güncelleme yok"
"No options of this product are available.","Bu ürünün seçenekleri yok."
"No product collections found.","Herhangi bir ürün kaydı bulunamadı."
"None","Yok"
"Not Visible Individually","Tek başına Görünmez"
"Notify Low Stock RSS","Düşük Stok RSS Akışı"
"Notify for Quantity Below","Miktar Aşağısını Bildir"
"Number of Products per Page","Sayfa başına Ürün Sayısı"
"Number of Products to Display","Gösterilecek Ürün Sayısı"
"Number of Uses","Kullanım Sayısı"
"Number of results","Sonuç numarası"
"Number of results (For the last time placed)","Sonuç sayısı (Son eklendiğinde)"
"OK","TAMAM"
"OR","veya"
"Old Price:","Eski Fiyat:"
"On Gesture","Jest üzerinde"
"Option validation failed to add product to cart.","Ürün sepete eklenirken seçenek doğrulama hatası oldu."
"Option values","Seçenek değerleri"
"Option:","Seçenek:"
"Options","Seçenekler"
"Options Control","Seçenekler Kontrolü"
"Options is required","Seçenekler zorunludur"
"Our customer service is available 24/7. Call us at (555) 555-0123.","Müşteri Hizmlerimiz 7/24 hizmetinizdedir. Bizi (555) 555-0123 numaradan arayabilirsiniz."
"Out of Stock","Stok mevcut değil"
"Out of stock","Stok mevcut değil"
"PM","Öğleden Sonra"
"Page Title Separator","Sayfa Başlık Ayracı"
"Parent Category","Üst Kategori"
"Pending","Bekliyor"
"Pending Reviews RSS","Bekleyen Yorumlar RSS Akışı"
"Percentage","Yüzdesel"
"Please add rows to option.","Lütfen seçeneğe satır ekleyiniz."
"Please be careful as once you click on the row it will load package data form the selected file and all unsaved form data will be lost.","Bu satıra tıkladığınızda seçilmiş dosyadan veriler yükleneceğini ve  kaydedilmemiş verilerinizin silineceğini lütfen dikkate alınız."
"Please click on the Close Window button if it is not closed automatically.","Eğer otomatik kapanmazsa, Lütfen Pencereyi Kapat butonuna basınız."
"Please enter a new group name","Yeni bir grup adı giriniz"
"Please refresh ""Catalog URL Rewrites"" and ""Product Attributes"" in System -&gt; <a href=""%s"">Index Management</a>","Lütfen ""Katalog URL Yeniden Yazımı"" ve ""Ürün Özellikleri"" indekslerini yenileyin ( Sistem -&gt; <a href=""%s"">İndeks Yönetimi</a> )"
"Please select a static block ...","Lütfen bir statik blok seçiniz..."
"Please select items.","Lütfen kayıtları seçiniz."
"Please select one or more attributes.","Lütfen bir veya daha fazla özellik seçiniz."
"Please select product(s).","Lütfen ürün(ler)i seçiniz."
"Please select products for attributes update","Lütfen özellikleri güncellenecek ürünleri seçiniz"
"Please specify date required option(s).","Lütfen tarih için zorunlu seçenek(ler)i belirleyiniz."
"Please specify the number of products, that will not be divided into subintervals.","En kısa bölünme limiti için ürün sayısını belirtiniz."
"Please specify the product required option(s)","Lütfen gerekli olan ürün seçeneklerini seçiniz"
"Please specify the product required option(s).","Lütfen üründe zorunlu seçenekleri belirleyiniz."
"Please specify the product\'s option(s).","Lütfen ürünün seçenek(ler)ini belirleyiniz."
"Please specify the product\'s required option(s).","Lütfen üründe zorunlu seçenekleri belirleyiniz."
"Please specify the quantity of product(s).","Lütfen ürün adedini belirleyiniz."
"Please specify time required option(s).","Lütfen saat için zorunlu seçenek(ler)i  belirleyiniz."
"Please wait...","Lütfen bekleyiniz…"
"Position","Konum"
"Position in Layered Navigation","Katmanlı Gezinmedeki Yeri"
"Position of attribute in layered navigation block","Özelliğin Katmanlı Gezinme Menüsündeki Sıralaması"
"Prev","Önceki"
"Previous","Önceki"
"Price","Fiyat"
"Price Navigation Step Calculation","Fiyat Gezinmesi Adım Hesaplaması"
"Price Type","Fiyat Tipi"
"Price is not available","Fiyat Bulunamadı"
"Price values for options should be specified in system base currency.","Ürün Seçeneklerinin fiyatlandırılması sistemde para birimi ile yapılmalıdır."
"Price:","Fiyat:"
"Price: %s","Fiyat: %s"
"Print This Page","Bu sayfayı yazdır"
"Product","Ürün"
"Product API","Product API"
"Product Alerts","Ürün Alarmları"
"Product Attribute","Ürün Özellikleri"
"Product Attributes","Ürün Özellikleri"
"Product Categories","Ürün Kategorileri"
"Product Description","Ürün Açıklaması"
"Product Extra Info","Ürün Ek Bilgi"
"Product Flat Data","Sabit Ürün Tablosu"
"Product ID","Ürün No"
"Product Image Placeholders","Ürün Resmi Çerçevesi"
"Product Image Watermarks","Ürün Resmi Kopya Koruması"
"Product Images","Ürün Resimleri"
"Product Images API","Ürün Resimleri API si"
"Product In Websites","Websitelerindeki Ürün"
"Product Info Column","Ürün Bilgisi Kolonu"
"Product Information","Ürün Bilgisi"
"Product Link Block Template","Ürün Link Blok Şablonu"
"Product Link Inline Template","Ürün Linki İç Şablonu"
"Product Listing Sort by","Ürün Listeleme Sıralaması"
"Product Name","Ürün Adı"
"Product Prices","Ürün Fiyatları"
"Product Reviews","Ürün Yorumları"
"Product Tags","Ürün Etiketleri"
"Product Tier Price API","Ürün katman fiyatı API si"
"Product Type","Ürün Tipi"
"Product URL Suffix","Ürün URL Soneki"
"Product View Extra Hint","Ürün Görünümü Ekstra İpucu"
"Product attribute sets API","Ürün özellik setleri API si"
"Product attributes API","Ürün özellikleri API si"
"Product collection expected.","Ürün kolleksiyonu bekleniyor."
"Product is not loaded","Ürün yüklenemedi"
"Product links API (related, cross sells, up sells)","Ürün linkleri API si (ilişkili, çapraz satış, üst satış)"
"Product types API","Ürün Tipleri API si"
"Product with this combination of attributes already associated to configurable.","Bu ürün aynı kombinasyonla ayarlanabilir ürün olarak zaten var."
"Products","Ürünler"
"Products Comparison List","Ürün Karşılaştırma Listesi"
"Products Information","Ürün Bilgisi"
"Products Reviews","Ürün Yorumları"
"Products Sitemap","Ürünlerin Site Haritası"
"Products only","Sadece ürünler"
"Products per Page on Grid Allowed Values","Izgara Modunda İzin Verilen Sayfa Başı Ürün Sayısı"
"Products per Page on Grid Default Value","Izgara Modunda Varsayılan Sayfa Başı Ürün Sayısı"
"Products per Page on List Allowed Values","Liste Modunda İzin Verilen Sayfa Başı Ürün Sayısı"
"Products per Page on List Default Value","Liste Modunda Varsayılan Sayfa Başı Ürün Sayısı"
"Properties","Özellikler"
"Qty","Miktar"
"Qty Increments","Miktar Arttırımı"
"Qty Uses Decimals","Miktarda Ondalık Kullan"
"Qty for Item\'s Status to Become Out of Stock","Ürünün Stokta Yok olarak gözükmesi için gereken adet"
"Qty:","Miktar:"
"Quantity","Miktar"
"Quick Create","Hızlı Oluştur"
"Quick Overview","Hızlı Gözat"
"Quick simple product creation","Hızlı basit ürün oluşturma"
"Records for ""%s"" store found.","Mağaza için ""%s"" kayıt bulundu."
"Redirect","Yönlendirilmiş"
"Redirect URL","Yönlendirilen URL"
"Regular Price:","Normal Fiyat:"
"Related Products","İlişkili Ürünler"
"Remove","Sil"
"Remove Product From Websites","Ürünü Websitelerinden Sil"
"Remove This Item","Bu ürünü sil"
"Remove attribute from attribute set","Özellik setinden özellik sil"
"Remove attribute set","Özellik setini sil"
"Remove custom option","Özel seçeneği sil"
"Remove group from attribute set","Özellik setinden grup sil"
"Remove option","Seçenek sil"
"Remove product assignment","Ürün atamasını kaldır"
"Remove product image","Ürün resmini sil"
"Remove product link","Ürün linkini sil"
"Remove value from custom option","Özel seçenekten değer sil"
"Rename existing group","Varolan grubun adını değiştir"
"Rename group","Grubun adını değiştir"
"Reorganize EAV category structure to flat structure","EAV kategori yapısını sabit yapıya çevir"
"Reorganize EAV product structure to flat structure","EAV ürün yapısını sabit yapıya çevir"
"Reset","Sıfırla"
"Results","Sonuçlar"
"Retrieve attribute data","Özellik verisi getir"
"Retrieve attribute list","Özellik listesi getir"
"Retrieve attribute options","Özellik seçeneklerini getir"
"Retrieve categories tree","Kategori ağacını getir"
"Retrieve category attributes","Kategori özelliklerini getir"
"Retrieve category data","Kategori verisini getir"
"Retrieve hierarchical tree","Hiyerarşik ağacı getir"
"Retrieve linked products","Bağlantılı ürünler geri alındı"
"Retrieve list of assigned products","Atanmış ürünlerin listesini al"
"Retrieve list of option values","Seçenek değerleri listesini getir"
"Retrieve list of product custom options","Ürün özel seçenekleri listesini getir"
"Retrieve one level of categories by website/store view/parent category","Kategorilerin bir seviyesini, web sitesine/mağaza görünümüne/üst kategoriye göre getir"
"Retrieve option value info","Seçenek değeri bilgisini getir"
"Retrieve product","Ürün getir"
"Retrieve product attribute sets","Ürün özellik setlerini getir"
"Retrieve product image","Ürün resmini getir"
"Retrieve product image list","Ürün resim listesini getir"
"Retrieve product image types","Ürün resim tiplerini getir"
"Retrieve product link type attributes","Ürün link tipi özelliklerini getir"
"Retrieve product link types","Ürün link tiplerini getir"
"Retrieve product tier prices","Ürün katman fiyatlarını getir"
"Retrieve product types","Ürün tiplerini getir"
"Retrieve products data","Ürün verisini getir"
"Retrieve products list by filters","Ürün listesini filtreleyerek getir"
"Reviews","Yorumlar"
"Roll Over for preview","Önizleme için Mouse üzerinde gezdirin"
"Root","Ana Dizin"
"SKU","Ürün Kodu"
"SKU length should be %s characters maximum.","SKU verisi uzunluğu en fazla %s karakter olabilir."
"Save","Kaydet"
"Save Attribute","Özelliği Kaydet"
"Save Attribute Set","Özellik Setini Kaydet"
"Save Category","Kategoriyi Kaydet"
"Save Search","Aramayı Kaydet"
"Save and Continue Edit","Kaydet ve Düzenlemeye Devam Et"
"Saved %d record(s)","%d kayıt kaydedildi."
"Scope","Kapsam"
"Scope must not be changed, because the attribute is used in configurable products.","Kapsamı değiştirmemelisiniz, çünkü bu özellik ayarlanabilir ürünlerde kullanıldı."
"Search","Arama"
"Search Engine Optimizations","Arama Motoru Optimizasyonları"
"Search Information","Arama Bilgisi"
"Search Query","Aranan Sorgu"
"Search Term with such search query already exists.","Bu arama kelimesi zaten var."
"Searchable","Aranabilir"
"See price before order confirmation.","Siparişi onaylamadan önce fiyata bakın."
"Select Category...","Kategori Seçiniz..."
"Select Configurable Attributes ","Ayarlanabilir Ürün Özelliklerini Seç "
"Select Product...","Ürün Seçiniz..."
"Select type of option","Seçenek tipi Seçiniz"
"Select type options required values rows.","Seçenek tipi için gerekli değerleri seçiniz."
"Selected Product Types","Seçilen Ürün Tipleri"
"Send Count","Sayımı Gönder"
"Set Ascending Direction","Küçükten Büyüğe Sıralamayı Ayarla"
"Set Descending Direction","Büyükten Küçüğe Sıralamayı Ayarla"
"Set Name","İsmi Ayarla"
"Set Root Category for Store","Mağaza için En Üst Kategoriyi seçiniz"
"Set root category for this store in the <a href=""%s"">configuration</a>","Mağaza için En Üst Kategoriyi seçmek için <a href=""%s"">buraya</a> tıklayınız"
"Set special price","Özel fiyat ayarla"
"Set/Get current store view","Mevcut mağaza görünümünü Ayarla/Getir"
"Settings","Ayarlar"
"Shop By","Ürünleri Filtrele"
"Shopping Options","Alışveriş Seçenekleri"
"Show","Göster"
"Show Details","Detayları Göster"
"Show Tags","Etiketleri Göster"
"Simple Product","Basit Ürün"
"Site Map","Site Haritası"
"Sitemap","Site Haritası"
"Skip import row, is not valid value ""%s"" for field ""%s""","Satırı verisi alımını atla, ""%s"" geçerli bir değer değil. ( Alan: ""%s"")"
"Skip import row, required field ""%s"" for the new customer is not defined.","Satır verisi alımını atla, yeni müşteri için gerekli ""%s"" alanı boş."
"Skip import row, the value ""%s"" is invalid for field ""%s""","Satır verisi alımını atla, ""%s"" değeri ""%s"" alanı için geçerli değil"
"Skipping import row, required field ""%s"" for new products is not defined.","Satır verisi alımı atlanıyor, yeni ürün için zorunlu alan olan ""%s"" ayarlanmadı."
"Skipping import row, required field ""%s"" is not defined.","Satır verisi alımı atlanıyor, zorunlu alan olan ""%s"" ayarlanmadı."
"Skipping import row, store ""%s"" field does not exist.","Satır verisi alımı atlanıyor, mağaza ""%s"" alanı bulunamadı."
"Skipping import row, the value ""%s"" is not valid for the ""%s"" field.","Satır verisi alımı atlanıyor, ""%s"" değeri ""%s"" alanı için geçerli değil."
"Some of the processed products have no SKU value defined. Please fill it prior to performing operations on these products.","İşlenen bazı ürünlerinde SKU değeri bulunamadı. Bu ürünlerle ilgili işlemi tamamlamak için verileri giriniz."
"Some of the selected item options are not currently available.","Seçilen seçeneklerden bazıları şu anda kullanılabilir değil."
"Sort By","Sırala"
"Sort Order","Sıralama"
"Source Model","Kaynak Modeli"
"Special Expires On: %s","Özel Fiyat Bitiş Tarihi: %s"
"Special Price:","Özel Fiyat:"
"Special Price: %s","Özel Fiyat:%s"
"Starting at:","Başlama:"
"Static","Statik"
"Static block and products","Sabit blok ve ürünler"
"Static block only","Sadece sabit blok"
"Status","Durum"
"Stock Availability","Stok Durumu"
"Store","Mağaza"
"Store View","Mağaza Görünümü"
"Stretch","Esnet"
"Subscribe to RSS Feed","RSS Kaynağına Abone Olun"
"Super product attributes configuration","Süper ürün özellikleri yapılandırma"
"Synonym For","Eşanlamlısı"
"System Properties","Sistem Özellikleri"
"Tag Name","Etiket Adı"
"Tax","Vergi"
"Template","Şablon"
"Text","Yazı"
"The Flat Catalog module has a limit of %2\$d filterable and/or sortable attributes. Currently there are %1\$d of them. Please reduce the number of filterable/sortable attributes in order to use this module","Sabit Katalog modülü filtrelenebilir ve/veya sıralanabilir özellikler konusunda %2\$d limitine sahiptir. Mevcut değer: %1\$d. Bu modülü kullanabilmek için bu değeri düşürmeyi deneyiniz."
"The From Date value should be less than or equal to the To Date value.","İlk tarih son tarihe eşit veya ondan daha düşük olmalıdır."
"The attribute code \'%s\' is reserved by system. Please try another attribute code","Bu özellik kodu \'%s\' sistem tarafından ayrılmıştır. Lütfen farklı bir özellik kodu ile deneyiniz"
"The attribute model is not defined","Özellik modeli tanımlanmadı"
"The attribute set has been saved.","Özellik seti kaydedildi."
"The base directory to upload file is not specified.","Yüklenecek dosyalar için ana klasör seçimi yapılmamış."
"The category has been deleted.","Kategori silindi."
"The category has been saved.","Kategori kaydedildi."
"The comparison list was cleared.","Karşılaştırma listesi temizlendi."
"The file '%s' for '%s' has an invalid extension","'%s' - '%s' dosyasının uzantısı kabul edilmeyen bir uzantıya sahip"
"The file '%s' you uploaded is larger than %s Megabytes allowed by server","'%s' dosyası izin verilen en büyük dosya boyutundan %s MB daha büyük"
"The file you uploaded is larger than %s Megabytes allowed by server","Yüklemek istediğiniz dosya izin verilen en büyük dosya boyutundan %s MB daha büyük."
"The filters must be an array.","Filtreler dizi değişken olmalıdır."
"The image contents is not valid base64 data.","Resim içeriği geçerli base64 verisi değil."
"The image is not specified.","Resim tanımlanmadı."
"The model collection resource name is not defined.","Model koleksiyonu kaynak adı belirtilmedi."
"The product %s has been added to comparison list.","%s adlı ürün karşılaştırma listesine eklendi."
"The product %s has been removed from comparison list.","%s adlı ürün karşılaştırma listesinden silindi."
"The product attribute has been deleted.","Ürün özelliği silindi."
"The product attribute has been saved.","Ürün özelliği kaydedildi."
"The product has been created.","Ürün oluşturuldu."
"The product has been deleted.","Ürün silindi."
"The product has been duplicated.","Ürün çoğaltıldı."
"The product has been saved.","Ürün kaydedildi."
"The product has required options","Ürün için belirlenmesi gereken seçenekler var"
"The review has been deleted","Yorum silindi"
"The review has been saved.","Yorum kaydedildi."
"The review was removed by another user or does not exist.","Yorum başka bir kullanıcı tarafından silindi veya bulunamadı."
"The search was deleted.","Arama silindi."
"The text is too long","Yazı çok uzun"
"There are no %s available.","Hiç %s yok."
"There are no customers for this alert","Bu alarma bağlı müşteri yok"
"There are no customers for this alert.","Bu alarma bağlı müşteri yok."
"There are no products matching the selection.","Seçiminizle eşleşen ürün bulunamadı."
"There was an error while request processing.","Talep edilen işlem esnasında bir hata meydana geldi."
"This Attribute no longer exists","Bu Özellik bulunamıyor"
"This attribute cannot be deleted.","Bu özellik silinemedi."
"This attribute cannot be edited.","Bu özellik düzenlemedi."
"This attribute cannot be updated.","Bu özellik güncellenemedi."
"This attribute is used in configurable products.","Bu özellik ayarlanabilir ürünlerde kullanıldı."
"This attribute is used in configurable products. You cannot remove it from the attribute set.","Bu özellik ayarlanabilir ürünlerde kullanıldı. Bu özelliği, özellik setinden çıkaramazsınız."
"This attribute no longer exists","Bu Özellik bulunamıyor"
"This attribute set no longer exists.","Bu özellik seti kaydına ulaşılamıyor."
"This group contains attributes, used in configurable products. Please move these attributes to another group and try again.","Bu gruptaki bazı özellikler bazı ayarlanabilir ürünlerde kullanıldı. Bu özellikleri başka gruba kaydırarak tekrar deneyiniz."
"This group contains system attributes. Please move system attributes to another group and try again.","Bu grup bazı sistem özelliklerini içeriyor. Bu sistem özelliklerini başka gruba kaydırıp tekrar deneyiniz."
"This is a required option","Bu seçenek zorunludur"
"This product no longer exists.","Bu ürün kaydına ulaşılamıyor."
"This search no longer exists.","Arama kaydına ulaşılamıyor."
"This setting will be applied when all prices in the specific price interval are equal.","Bu ayar, belirli bir fiyat aralığında fiyatların eşit olması durumunda uygulanacak."
"Tier Pricing","Kanal Fiyatı"
"Tile","Döşe"
"Time Format","Zaman Biçimi"
"Title","Başlık"
"To reindex the enabled product(s), the store or product must be specified","Açık olan ürünleri yeniden indekslemek için, mağaza veya ürün seçmelisiniz"
"To see product price, add this item to your cart. You can always remove it later.","Ürünün fiyatını görmek için sepetinize ekleyiniz. İstediğiniz zaman sepetinizden bu ürünü silebilirsiniz."
"Top/Left","Üst/Sol"
"Top/Right","Üst/Sağ"
"Total Qty Base Items","Temel Ürün Adedi"
"Total incl. Tax: %1$s","Vergi Dahil Toplam: %1$s"
"Total of %d record(s) have been deleted.","Toplam %d kayıt silindi."
"Total of %d record(s) have been updated.","Toplam %d kayıt güncellendi."
"Total of %d record(s) were updated","Toplam %d kayıt güncellendi"
"Type","Tip"
"URL Rewrite Management","URL yeniden yazım yönetimi"
"Unable to complete this request.","Bu istek tamamlanamadı."
"Unable to find a search term to delete.","Silinecek arama kelimesi bulunamadı."
"Unable to find an attribute to delete.","Silinecek özellik bulunamadı."
"Unable to get the product ID.","Ürün numarası alınamadı."
"Unassigned Attributes","Atanmamış Ürün Özellikleri"
"Unknown EAV indexer type ""%s"".","Bilinmeyen EAV indeksleyici tipi ""%s""."
"Unknown attribute: %s.","Bilinmeyen özellik: %s."
"Unsupported product type ""%s"".","Desteklenmeyen ürün tipi ""%s""."
"Up-sells","Üst Satışlar"
"Update","Güncelle"
"Update Attributes","Özellikleri Güncelle"
"Update Tier Price","Kanal Fiyatını Güncelle"
"Update assigned product","Atanan ürünleri güncelle"
"Update attribute","Özelliği Güncele"
"Update attributes","Özellikleri Güncelle"
"Update category","Kategoriyi Güncelle"
"Update custom option of product","Ürünün özel seçeneklerini güncelle"
"Update product","Ürünü Güncelle"
"Update product image","Ürün resmini Güncelle"
"Update product link","Ürün linkini güncelle"
"Update product tier prices","Ürün katman fiyatlarını güncelle"
"Update value of custom option","Özel seçeneğin değerini güncelle"
"Upload new product image ","Yeni ürün resmi yükle"
"Use Canonical Link Meta Tag For Categories","Kategoriler için sanal link meta etiketi kullan"
"Use Canonical Link Meta Tag For Products","Ürünler için sanal link meta etiketi kullan"
"Use Categories Path for Product URLs","Kategori yolunu ürün Url lerinde kullan"
"Use Config Settings","Yapılandırma Ayarlarını Kullan"
"Use Default Value","Varsayılan Değeri Kullan"
"Use Flat Catalog Category","Sabit Katalog Kategori Tablosu Kullan"
"Use Flat Catalog Product","Ürünlerde Sabit Katalog Kullan"
"Use In Layered Navigation","Katmanlı Gezinmede Kullan"
"Use In Search Results Layered Navigation","Arama Sonuçları Katmanlı Gezinme alanında kullan"
"Use JavaScript Calendar","JavaScript Takvim Kullan"
"Use Static URLs for Media Content in WYSIWYG for Catalog","WYSIWYG editöründe resimler için statik URL kullan"
"Use To Create Configurable Product","Ayarlanabilir Ürün oluştururken kullan"
"Use Tree Like Category Sitemap","Ağaç Tipi Kategori Site Haritası Kullan"
"Use config","Yapılandırmayı kullan"
"Use default","Varsayılanı Kullan"
"Use for Promo Rule Conditions","Promosyon Kuralı Koşullarında Kullan"
"Use four-digit year format.","4 haneli yıl biçimi kullanınız."
"Use in Advanced Search","Gelişmiş Aramada kullan"
"Use in Layered Navigation","Katmanlı Gezinmede Kullan"
"Use in Layered Navigation<br/>(Can be used only with catalog input type 'Dropdown')","Katmanlı Gezinmede Kullan <br/>(Sadece katalogdaki 'Açılır Menü' tipindeki alanlarda kullanılır)"
"Use in Quick Search","Hızlı aramada kullan"
"Used for Sorting in Product Listing","Ürün Listesinde Sıralama için Kullan"
"Used in Product Listing","Ürün Listelemede Kullanıldı"
"Value for ""%s"" is invalid.","""%s"" için değer geçersizdir."
"Value for ""%s"" is invalid: %s","""%s"" için hatalı değer: %s"
"Varchar","Varchar"
"View as","Listeleme Şekli"
"Virtual Product","Sanal Ürün"
"Visibility","Görünürlük"
"Visible","Görünür"
"Visible on Catalog Pages on Front-end","Ön Sayfadaki Katalog Sayfalarında Görünür"
"Visible on Product View Page on Front-end","Site önyüzündeki Ürün Görünüm Sayfasında Görünür"
"WYSIWYG Editor","WYSIWYG Editör"
"Watermark","Resim Kopya Koruması"
"Watermark Default Size","Resim Kopya Koruması Boyutu"
"Watermark Opacity, Percent","Resim Kopya Koruması Saydamlık, Yüzde"
"Watermark Position","Resim Kopya Koruma Konumu"
"We Also Recommend","Bunları da tavsiye ediyoruz"
"Website","Websitesi"
"Websites","Websiteleri"
"What's this?","Bu nedir?"
"Whether to show ""All"" option in the ""Show X Per Page"" dropdown.","""Sayfa başı X kayıt göster"" seçeneğinde ""Hepsi"" seçeneğini de göster."
"Will make search for the query above return results for this search.","Yukarıdaki arama sorgusunun içinde arama yapılacak."
"Wrong BuyRequest instance in options group.","Seçenek grubunda hatalı BuyRequest örneği."
"Wrong configuration item instance in options group.","Seçenek grubunda hatalı yapılandırma örneği."
"Wrong configuration item option instance in options group.","Seçenek grubunda hatalı yapılandırma seçenek örneği."
"Wrong option instance type in options group.","Seçenekler grubunda hatalı ürün örnek tipi"
"Wrong option type to get group instance.","Grup örneği alınırken Hatalı Seçenek Tipi."
"Wrong product instance type in options group.","Seçenekler grubunda hatalı ürün örnek tipi"
"Wrong product type filter specified","Hatalı ürün tip filtresi tanımlandı"
"Wrong product type to extract configurable options.","Ayarlanabilir ürün seçeneklerini almak için yanlış ürün."
"Year Range","Yıl Aralığı"
"Yes","Evet"
"You cannot remove system attribute from this set.","Sistem özelliğini bu setten özellik setinden silemezsiniz."
"You have no items to compare.","Karşılaştırılacak ürün eklemediniz."
"You may also be interested in the following product(s)","Aşağıdaki ürünleri zaten takip listenize eklediniz."
"Zoom In","Yaklaştır"
"Zoom Out","Uzaklaştır"
"and","ve"
"and above","ve üstü"
"categories","Kategoriler"
"each","her"
"ex. http://domain.com","ör. http://domain.com"
"leave blank if its not an image","eğer resim değilse boş bırakınız"
"per page","sayfa başı"
"products","Ürünler"
"px.","px."
"save","Kaydet"
"select all","Hepsini Seç"
"unselect all","tüm seçimi kaldır"
"x","x"
